"date","new_cases","new_deaths","icu_patients","hosp_patients","stringency_index","reproduction_rate","temp","humidity","precip","windspeed","case_fatality"
2020-04-01,1093,135,1208,2945,78.7,0.123513266239707,3.8,76.4,0,17.2,0.123513266239707
2020-04-02,1028,166,1249,2807,78.7,0.16147859922179,7.4,76.2,0.115,33.8,0.16147859922179
2020-04-03,909,149,1276,2531,78.7,0.163916391639164,7,77.3,1.534,26.7,0.163916391639164
2020-04-04,1224,166,1360,2570,78.7,0.13562091503268,8.2,59.8,0,21,0.13562091503268
2020-04-05,954,115,1385,2270,78.7,0.120545073375262,12.5,48.5,0,30.9,0.120545073375262
2020-04-06,789,103,1409,2912,78.7,0.130544993662864,13.7,57.2,0.095,33.4,0.130544993662864
2020-04-07,972,234,1424,2713,78.7,0.240740740740741,11.6,73.7,0.967,17.5,0.240740740740741
2020-04-08,1213,147,1408,2864,78.7,0.12118713932399,14.3,66.4,0,13.8,0.12118713932399
2020-04-09,1338,148,1417,2733,78.7,0.110612855007474,12.8,70.2,0,16.7,0.110612855007474
2020-04-10,1323,117,1384,2675,78.7,0.0884353741496599,10.5,64.6,0,16.9,0.0884353741496599
2020-04-11,1174,133,1391,2685,78.7,0.113287904599659,12.7,51.2,0,13.6,0.113287904599659
2020-04-12,964,94,1358,2532,78.7,0.0975103734439834,13.1,64.3,0.007,22.2,0.0975103734439834
2020-04-13,868,86,1338,2415,78.7,0.0990783410138249,8,60.1,0.014,32,0.0990783410138249
2020-04-14,736,122,1303,2391,78.7,0.165760869565217,6.5,64.4,0.037,20.2,0.165760869565217
2020-04-15,1062,189,1279,2355,78.7,0.177966101694915,7.5,70.6,0,13,0.177966101694915
2020-04-16,1239,181,1258,2377,78.7,0.146085552865214,11.9,66.7,0,26.1,0.146085552865214
2020-04-17,1140,144,1235,2286,78.7,0.126315789473684,10.2,66.9,0,26.7,0.126315789473684
2020-04-18,1073,142,1201,2266,78.7,0.132339235787512,10.8,74.1,0.435,22.4,0.132339235787512
2020-04-19,753,84,1176,2149,78.7,0.111553784860558,12.2,50.1,0,28.6,0.111553784860558
2020-04-20,729,67,1158,2165,78.7,0.0919067215363512,12.3,42.5,0,38.7,0.0919067215363512
2020-04-21,708,165,1087,2157,78.7,0.233050847457627,13.6,43.5,0,41.6,0.233050847457627
2020-04-22,891,139,1050,2069,78.7,0.156004489337823,15,44.1,0,31.2,0.156004489337823
2020-04-23,808,124,1008,1856,78.7,0.153465346534653,15.3,51.2,0,16.3,0.153465346534653
2020-04-24,655,112,963,1765,78.7,0.170992366412214,12,68.4,0,21.5,0.170992366412214
2020-04-25,655,120,959,1746,78.7,0.183206106870229,9.4,66.8,0,19.4,0.183206106870229
2020-04-26,401,67,934,1704,78.7,0.167082294264339,8.6,74.3,0,13.2,0.167082294264339
2020-04-27,171,43,905,1626,78.7,0.251461988304094,11.6,71.6,0,20.8,0.251461988304094
2020-04-28,387,48,861,1569,78.7,0.124031007751938,9,87.8,2.973,23.3,0.124031007751938
2020-04-29,514,145,804,1575,78.7,0.282101167315175,10.6,85.8,4.082,28.6,0.282101167315175
2020-04-30,475,84,783,1471,78.7,0.176842105263158,11.3,73.2,2.701,33.6,0.176842105263158
2020-05-01,446,98,735,1468,78.7,0.219730941704036,10.4,80.8,7.063,33.8,0.219730941704036
2020-05-02,335,94,708,1494,78.7,0.280597014925373,10.6,79.1,1.802,29.6,0.280597014925373
2020-05-03,199,69,688,1380,78.7,0.346733668341709,11,78.5,0.394,16,0.346733668341709
2020-05-04,317,26,683,1333,78.7,0.082018927444795,11.1,72,0.329,22,0.082018927444795
2020-05-05,232,87,644,1333,78.7,0.375,8.9,65.2,0,23.7,0.375
2020-05-06,455,36,628,1352,78.7,0.0791208791208791,10.5,65.1,0,17.6,0.0791208791208791
2020-05-07,319,84,584,1286,78.7,0.263322884012539,11.6,67.2,0,12.2,0.263322884012539
2020-05-08,289,71,564,1189,78.7,0.245674740484429,14.3,65.6,0.018,13.4,0.245674740484429
2020-05-09,245,64,541,1132,78.7,0.261224489795918,16.9,61.2,0.028,20.5,0.261224489795918
2020-05-10,161,18,507,1054,78.7,0.111801242236025,13.4,72.8,0,41.7,0.111801242236025
2020-05-11,196,16,498,1118,71.3,0.0816326530612245,8.6,52,0.042,39,0.0816326530612245
2020-05-12,227,54,463,1110,71.3,0.237885462555066,7.8,67.3,0.272,23.2,0.237885462555066
2020-05-13,270,52,432,1031,71.3,0.192592592592593,7.7,65.7,0.636,28.3,0.192592592592593
2020-05-14,200,28,410,1029,71.3,0.14,7.3,61.5,0.053,21.5,0.14
2020-05-15,189,53,378,981,71.3,0.28042328042328,8.5,68.7,0,17.7,0.28042328042328
2020-05-16,126,27,346,971,71.3,0.214285714285714,10.6,72.7,0,26.9,0.214285714285714
2020-05-17,146,10,349,919,71.3,0.0684931506849315,12.4,67,0,27.1,0.0684931506849315
2020-05-18,108,14,323,909,71.3,0.12962962962963,14,70.7,0,27.4,0.12962962962963
2020-05-19,198,21,293,933,71.3,0.106060606060606,15.3,74.7,0,23.9,0.106060606060606
2020-05-20,253,33,275,922,71.3,0.130434782608696,16.6,71.9,0,15.3,0.130434782608696
2020-05-21,188,27,255,911,71.3,0.143617021276596,18.9,64.8,0,18.9,0.143617021276596
2020-05-22,176,13,252,863,71.3,0.0738636363636364,18.6,62,0.063,40,0.0738636363636364
2020-05-23,172,23,227,811,71.3,0.133720930232558,15,65.9,0,41.6,0.133720930232558
2020-05-24,209,11,223,730,71.3,0.0526315789473684,13.5,79.1,2.59,30.7,0.0526315789473684
2020-05-25,133,8,223,756,71.3,0.0601503759398496,15.3,74.8,0.051,20,0.0601503759398496
2020-05-26,190,26,188,698,71.3,0.136842105263158,15.4,73.5,0,13.8,0.136842105263158
2020-05-27,182,15,189,723,71.3,0.0824175824175824,15.2,71.4,0,23.2,0.0824175824175824
2020-05-28,176,32,182,695,71.3,0.181818181818182,14.4,61.2,0,24.8,0.181818181818182
2020-05-29,131,28,180,618,71.3,0.213740458015267,14.5,64.4,0,26.7,0.213740458015267
2020-05-30,185,20,170,589,71.3,0.108108108108108,17.3,53.9,0,26.4,0.108108108108108
2020-05-31,103,5,159,544,71.3,0.0485436893203883,17.2,55.7,0,28.3,0.0485436893203883
2020-06-01,102,6,158,542,62.96,0.0588235294117647,18.1,56.2,0,18,0.0588235294117647
2020-06-02,86,5,154,516,62.96,0.0581395348837209,19.1,63.7,0,19.1,0.0581395348837209
2020-06-03,209,10,116,496,62.96,0.0478468899521531,16.4,76.5,0,23.9,0.0478468899521531
2020-06-04,210,13,113,481,62.96,0.0619047619047619,12.9,81.5,1.94,28,0.0619047619047619
2020-06-05,183,15,97,469,62.96,0.0819672131147541,10.4,77.3,8.683,33.5,0.0819672131147541
2020-06-06,239,6,96,456,62.96,0.0251046025104603,11.3,68.9,4.181,42.4,0.0251046025104603
2020-06-07,165,2,96,443,62.96,0.0121212121212121,12.3,80.8,13.124,27.4,0.0121212121212121
2020-06-08,164,3,92,400,62.96,0.0182926829268293,13.7,79,0.579,23.5,0.0182926829268293
2020-06-09,184,15,91,346,62.96,0.0815217391304348,12.7,66.6,0.009,17.2,0.0815217391304348
2020-06-10,164,11,80,333,62.96,0.0670731707317073,13.4,73.6,0.037,16,0.0670731707317073
2020-06-11,210,2,77,297,62.96,0.00952380952380952,15.6,83.7,4.638,20.3,0.00952380952380952
2020-06-12,179,9,73,279,62.96,0.0502793296089385,19.3,74.8,0.134,22.1,0.0502793296089385
2020-06-13,143,4,77,289,62.96,0.027972027972028,19.5,78,13.083,28.7,0.027972027972028
2020-06-14,165,2,79,277,62.96,0.0121212121212121,18,87.6,0.101,22.7,0.0121212121212121
2020-06-15,139,6,87,281,59.26,0.0431654676258993,18.1,74.1,0.009,17.2,0.0431654676258993
2020-06-16,117,5,78,280,59.26,0.0427350427350427,18,82,2.905,19.8,0.0427350427350427
2020-06-17,115,4,73,289,59.26,0.0347826086956522,19.3,75.7,2.371,22.5,0.0347826086956522
2020-06-18,107,4,67,261,59.26,0.0373831775700935,17.8,82.7,8.841,22.7,0.0373831775700935
2020-06-19,76,3,57,235,59.26,0.0394736842105263,17.3,77.8,1.296,25.6,0.0394736842105263
2020-06-20,91,8,57,220,59.26,0.0879120879120879,16.8,73,0,16.3,0.0879120879120879
2020-06-21,65,1,55,221,59.26,0.0153846153846154,18,71.2,0.062,24.9,0.0153846153846154
2020-06-22,64,0,59,194,59.26,0,17.3,69,0,19.6,0
2020-06-23,82,5,48,211,59.26,0.0609756097560976,18.8,64.7,0,13.8,0.0609756097560976
2020-06-24,110,2,49,197,59.26,0.0181818181818182,23.1,57.7,0,20.6,0.0181818181818182
2020-06-25,91,3,49,178,59.26,0.032967032967033,23.9,53.5,0,21.3,0.032967032967033
2020-06-26,69,3,39,190,59.26,0.0434782608695652,24.8,58,0.122,19.8,0.0434782608695652
2020-06-27,73,2,29,180,59.26,0.0273972602739726,19.9,83,12.098,34.6,0.0273972602739726
2020-06-28,76,0,30,178,59.26,0,17.7,64.2,0.71,40.1,0
2020-06-29,50,2,32,157,59.26,0.04,16,66.5,0,40,0.04
2020-06-30,62,6,29,160,59.26,0.0967741935483871,15.9,80.4,8.776,39.6,0.0967741935483871
2020-07-01,77,2,28,150,45.37,0.025974025974026,17.7,80.7,1.409,33.3,0.025974025974026
2020-07-02,75,3,25,125,45.37,0.04,17.4,75.8,1.039,30,0.04
2020-07-03,61,2,20,103,45.37,0.0327868852459016,17.2,72.9,0,40.5,0.0327868852459016
2020-07-04,74,6,18,75,45.37,0.0810810810810811,16.5,88.5,7.264,35.3,0.0810810810810811
2020-07-05,66.6666666666667,1,18,87,45.37,0.015,18,82.4,1.49,44.8,0.015
2020-07-06,59.3333333333333,1,23,81,45.37,0.0168539325842697,15.4,69.5,1.983,38.6,0.0168539325842697
2020-07-07,52,4,24,79,45.37,0.0769230769230769,14.4,77.8,2.358,27.5,0.0769230769230769
2020-07-08,52,3,20,74,45.37,0.0576923076923077,14.2,93.4,5.698,13.5,0.0576923076923077
2020-07-09,66.5,2,21,70,45.37,0.0300751879699248,16.3,94.9,14.59,28.4,0.0300751879699248
2020-07-10,81,1.5,25,69,45.37,0.0185185185185185,15.2,81.5,4.091,23.2,0.0185185185185185
2020-07-11,101,1,26,77,45.37,0.0099009900990099,14.5,75.1,0.145,23.5,0.0099009900990099
2020-07-12,71,0,24,83,45.37,0,14.9,72.9,0.042,13.5,0
2020-07-13,53,0,24,94,45.37,0,16.9,65.9,0,16.3,0
2020-07-14,106,0.5,21,94,45.37,0.00471698113207547,16.7,80.5,1.815,16.4,0.00471698113207547
2020-07-15,99,1,20,85,45.37,0.0101010101010101,16,72,0,16.2,0.0101010101010101
2020-07-16,103,1,15,80,45.37,0.00970873786407767,16.5,83.7,2.925,23,0.00970873786407767
2020-07-17,128,1,15,73,45.37,0.0078125,18.2,79.8,0.185,15.7,0.0078125
2020-07-18,144,0.5,16,78,45.37,0.00347222222222222,18.5,82.2,0,20.3,0.00347222222222222
2020-07-19,185,0,17,73,45.37,0,17.3,84.1,1.195,20,0
2020-07-20,163,0,16,81,45.37,0,15.8,71.3,0.484,20.4,0
2020-07-21,168,0,15,90,45.37,0,15.1,68.7,0,23.7,0
2020-07-22,163,3,17,85,45.37,0.0184049079754601,15.1,68.8,0,16.1,0.0184049079754601
2020-07-23,193,0,15,91,45.37,0,17.8,64.5,0,26,0
2020-07-24,140,0,17,74,45.37,0,18.4,76.6,0.075,24,0
2020-07-25,282,1,18,91,45.37,0.00354609929078014,18.1,86.5,6.173,26.7,0.00354609929078014
2020-07-26,167,19,16,67,45.37,0.11377245508982,18.4,76.9,11.382,30.6,0.11377245508982
2020-07-27,223,11.5,21,70,45.37,0.0515695067264574,17.9,77.8,2.469,23.6,0.0515695067264574
2020-07-28,247,4,19,77,45.37,0.0161943319838057,17.8,69.6,0.206,35.4,0.0161943319838057
2020-07-29,343,2,17,63,45.37,0.00583090379008746,16.4,66.2,0.009,29.4,0.00583090379008746
2020-07-30,349,0,14,66,45.37,0,17.9,68.2,0,16.8,0
2020-07-31,433,0,19,73,45.37,0,23.3,58.5,0,20.6,0
2020-08-01,366,1,22,67,45.37,0.00273224043715847,21.3,75.3,0.292,20.9,0.00273224043715847
2020-08-02,390,2,21,70,45.37,0.00512820512820513,17.7,74.9,0,23.4,0.00512820512820513
2020-08-03,489,0,27,82,45.37,0,15.6,81.3,4.172,18.3,0
2020-08-04,426,1,26,83,45.37,0.00234741784037559,16.5,66.3,0.019,19.3,0.00234741784037559
2020-08-05,607,3,30,88,45.37,0.00494233937397035,20.2,60.1,0,27.4,0.00494233937397035
2020-08-06,539,0,29,79,45.37,0,21.6,67.3,0,13.3,0
2020-08-07,486,1,27,78,45.37,0.00205761316872428,25.4,58.3,0,13.4,0.00205761316872428
2020-08-08,578,4,28,79,45.37,0.0069204152249135,26,56.4,0,16.3,0.0069204152249135
2020-08-09,642,0,31,87,45.37,0,25.9,64,0,23.4,0
2020-08-10,230,0,29,99,45.37,0,25.8,63.4,0,17.6,0
2020-08-11,1219,2,30,97,45.37,0.00164068908941756,26.2,62.7,0,16.6,0.00164068908941756
2020-08-12,620,2,35,117,45.37,0.0032258064516129,26.5,63.6,0.45,15.9,0.0032258064516129
2020-08-13,651,4,31,127,45.37,0.00614439324116743,25.6,66.7,0.007,12,0.00614439324116743
2020-08-14,661,2,38,120,45.37,0.00302571860816944,23.1,81.9,0.87,21.2,0.00302571860816944
2020-08-15,538,2,39,124,45.37,0.00371747211895911,22.3,82.2,1.212,12.8,0.00371747211895911
2020-08-16,499,3,36,122,45.37,0.00601202404809619,23,80.7,9.858,26.5,0.00601202404809619
2020-08-17,498,0,39,126,45.37,0,19.1,88.2,14.589,15.7,0
2020-08-18,559,3,42,129,50.93,0.00536672629695885,19.1,79.1,0.491,26.5,0.00536672629695885
2020-08-19,544,6,41,125,50.93,0.0110294117647059,21,71.8,0.212,23.4,0.0110294117647059
2020-08-20,540,10,39,138,50.93,0.0185185185185185,22.9,78.8,0.673,27.9,0.0185185185185185
2020-08-21,508,4,43,133,50.93,0.0078740157480315,23.5,66,0.953,36.9,0.0078740157480315
2020-08-22,472,5,42,131,50.93,0.010593220338983,19.6,73.6,2.839,37.9,0.010593220338983
2020-08-23,602,0,42,129,50.93,0,17.9,77.4,5.106,29.5,0
2020-08-24,427,2,41,121,50.93,0.00468384074941452,17.4,77.3,5.338,31.8,0.00468384074941452
2020-08-25,571,5,38,120,50.93,0.00875656742556918,16.6,86,3.401,45.8,0.00875656742556918
2020-08-26,544,8,38,120,50.93,0.0147058823529412,17.1,80.9,5.067,60.6,0.0147058823529412
2020-08-27,509,3,36,107,50.93,0.00589390962671906,15.9,83.8,0.903,20.7,0.00589390962671906
2020-08-28,501,2,34,100,50.93,0.00399201596806387,16.3,83.6,14.11,30.3,0.00399201596806387
2020-08-29,508,4,34,96,50.93,0.0078740157480315,15.5,85.4,10.572,24.3,0.0078740157480315
2020-08-30,543,0,33,94,50.93,0,15.5,84.3,2.923,33.8,0
2020-08-31,478,0,38,94,50.93,0,15.1,68.7,0.129,19.6,0
2020-09-01,740,8,33,93,50.93,0.0108108108108108,13.9,78.4,0.19,10.6,0.0108108108108108
2020-09-02,614,5,32,90,50.93,0.00814332247557003,14.3,78.8,0,15.3,0.00814332247557003
2020-09-03,753,0,28,95,50.93,0,15.7,90.3,14.668,30,0
2020-09-04,661,2,35,95,50.93,0.00302571860816944,17.6,80.9,3.767,26.3,0.00302571860816944
2020-09-05,925,4,35,99,50.93,0.00432432432432432,15.2,75.8,6.44,29.5,0.00432432432432432
2020-09-06,797,2,33,105,50.93,0.00250941028858218,14.3,80.4,5.26,23.4,0.00250941028858218
2020-09-07,969,0,31,109,50.93,0,15.4,80,0.199,24.2,0
2020-09-08,1151,1,30,116,50.93,0.000868809730668983,17.4,88.7,0.643,23.3,0.000868809730668983
2020-09-09,826,2,31,122,50.93,0.00242130750605327,17.6,89.3,0.88,26,0.00242130750605327
2020-09-10,1270,3,30,131,50.93,0.00236220472440945,14.1,76.7,0,10,0.00236220472440945
2020-09-11,1232,3,36,136,50.93,0.00243506493506494,14.8,77,0,17.8,0.00243506493506494
2020-09-12,1089,1,37,138,50.93,0.000918273645546373,15.3,81,0,29.7,0.000918273645546373
2020-09-13,1316,1,36,148,50.93,0.000759878419452888,17,83.4,0,24.2,0.000759878419452888
2020-09-14,1379,2,43,166,50.93,0.00145032632342277,18.8,79.2,0,13.1,0.00145032632342277
2020-09-15,1542,2,53,187,50.93,0.0012970168612192,21.7,76.4,0,9.7,0.0012970168612192
2020-09-16,1761,2,54,191,50.93,0.00113571834185122,18.5,82.1,0,24.4,0.00113571834185122
2020-09-17,1982,6,49,212,50.93,0.00302724520686176,14.3,70.9,0,26.9,0.00302724520686176
2020-09-18,1896,8,58,230,50.93,0.00421940928270042,14.3,64.1,0,25.2,0.00421940928270042
2020-09-19,1854,2,67,260,50.93,0.00107874865156419,15.1,65,0,20.5,0.00107874865156419
2020-09-20,2217,4,77,276,48.15,0.0018042399639152,15.4,66.8,0,22.7,0.0018042399639152
2020-09-21,2252,2,85,325,48.15,0.00088809946714032,15.8,74.9,0,15.8,0.00088809946714032
2020-09-22,2360,10,91,329,48.15,0.00423728813559322,14.4,78.9,0.005,12.9,0.00423728813559322
2020-09-23,2566,6,104,371,48.15,0.00233826968043648,16.1,86,3.476,30.5,0.00233826968043648
2020-09-24,2779,17,106,395,48.15,0.0061173083843109,14.2,78.2,18.149,37.7,0.0061173083843109
2020-09-25,2722,16,116,431,48.15,0.00587803085966201,11.4,84.8,5.785,35.5,0.00587803085966201
2020-09-26,3001,38,122,433,48.15,0.0126624458513829,12.6,82.6,3.045,25,0.0126624458513829
2020-09-27,2925,8,127,490,48.15,0.00273504273504274,14.8,86.2,8.381,36,0.00273504273504274
2020-09-28,3012,6,142,518,48.15,0.00199203187250996,14.2,97.2,3.691,10.5,0.00199203187250996
2020-09-29,3308,13,142,551,62.04,0.00392986698911729,15.4,84.1,2.352,13.5,0.00392986698911729
2020-09-30,3260,13,150,551,62.04,0.00398773006134969,15.1,91.4,0.847,19.2,0.00398773006134969
2020-10-01,3826,13,152,539,62.04,0.00339780449555672,14.2,90.8,6.095,32.5,0.00339780449555672
2020-10-02,3973,9,160,573,62.04,0.00226529071230808,12.4,86,0.022,27.6,0.00226529071230808
2020-10-03,4007,21,156,585,62.04,0.00524082855003743,13.2,91.4,7.21,27.2,0.00524082855003743
2020-10-04,4580,5,163,647,62.04,0.00109170305676856,11.7,82.8,1.598,40.9,0.00109170305676856
2020-10-05,4535,0,177,715,62.04,0,11.8,87.4,14.485,35.8,0
2020-10-06,4992,28,190,785,62.04,0.00560897435897436,13,88.1,17.565,31,0.00560897435897436
2020-10-07,5831,36,210,811,62.04,0.00617389813068084,13,81.9,6.392,31.3,0.00617389813068084
2020-10-08,5972,13,228,842,62.04,0.0021768251841929,13.3,89.3,10.165,41.6,0.0021768251841929
2020-10-09,6503,13,239,900,62.04,0.00199907734891589,11.7,81.7,6.186,26.2,0.00199907734891589
2020-10-10,6377,23,235,955,62.04,0.00360671161988396,9.3,82.2,10.259,31.5,0.00360671161988396
2020-10-11,6848,17,247,986,62.04,0.00248247663551402,9.6,84.5,3.015,23,0.00248247663551402
2020-10-12,7378,12,252,1046,62.04,0.00162645703442667,10.3,83,0.726,18.6,0.00162645703442667
2020-10-13,7296,35,277,1133,62.04,0.00479714912280702,10.4,82.5,0.096,20.9,0.00479714912280702
2020-10-14,7801,32,301,1174,62.04,0.00410203820023074,9.7,80.9,0,29.7,0.00410203820023074
2020-10-15,7992,29,313,1213,62.04,0.00362862862862863,9.9,71.8,0.009,20.6,0.00362862862862863
2020-10-16,8123,16,345,1208,62.04,0.00196971562230703,8.6,77.9,0,13.1,0.00196971562230703
2020-10-17,8185,29,352,1216,62.04,0.00354306658521686,9.1,89.3,0.214,9.2,0.00354306658521686
2020-10-18,7996,14,364,1288,62.04,0.00175087543771886,9.6,89.7,0.626,16.2,0.00175087543771886
2020-10-19,8168,17,379,1359,62.04,0.00208129285014691,9.2,87.9,1.344,16.7,0.00208129285014691
2020-10-20,8743,46,419,1440,62.04,0.00526135193869381,11,82.1,0.02,21.4,0.00526135193869381
2020-10-21,9284,59,450,1493,62.04,0.00635501938819474,15,86.2,9.906,54.5,0.00635501938819474
2020-10-22,9996,46,463,1540,62.04,0.00460184073629452,13.8,85.5,0.367,29.7,0.00460184073629452
2020-10-23,8658,45,472,1601,62.04,0.0051975051975052,12.1,90,0.034,23.8,0.0051975051975052
2020-10-24,10206,55,501,1614,62.04,0.00538898687046835,13.4,85.7,0.367,34.8,0.00538898687046835
2020-10-25,10347,27,490,1657,62.04,0.00260945201507683,12.4,84.8,7.414,40.6,0.00260945201507683
2020-10-26,10297,26,506,1743,62.04,0.00252500728367486,10.2,83.3,1.199,32.8,0.00252500728367486
2020-10-27,8105,70,529,1829,62.04,0.00863664404688464,10,88.6,6.422,32.2,0.00863664404688464
2020-10-28,10277,60,545,1831,62.04,0.00583827965359541,10.5,85.1,4.719,35.5,0.00583827965359541
2020-10-29,11119,56,553,1831,62.04,0.00503642413886141,11.1,82.7,6.15,31,0.00503642413886141
2020-10-30,9821,87,567,1818,62.04,0.00885856837389268,14.7,89.4,1.904,39.2,0.00885856837389268
2020-10-31,8687,50,584,1864,62.04,0.00575572694831357,13.6,87.3,2.702,31.7,0.00575572694831357
2020-11-01,8291,39,583,1910,62.04,0.00470389579061633,13.3,87.4,1.66,43.2,0.00470389579061633
2020-11-02,7756,29,587,1958,62.04,0.00373904074265085,16.1,81.5,1.161,50,0.00373904074265085
2020-11-03,7648,113,609,2044,62.04,0.0147751046025105,9.7,74.7,3.159,43.4,0.0147751046025105
2020-11-04,6976,106,612,1960,65.74,0.0151949541284404,8.2,79.8,0.031,18,0.0151949541284404
2020-11-05,7249,88,607,1905,65.74,0.0121396054628225,7.5,87.6,0,17.2,0.0121396054628225
2020-11-06,6671,118,603,1842,65.74,0.0176885024733923,8.6,86.1,0,17.6,0.0176885024733923
2020-11-07,5673,73,602,1782,65.74,0.0128679710911334,7.2,85.4,0,11.5,0.0128679710911334
2020-11-08,4684,44,598,1697,65.74,0.00939368061485909,8.4,91.9,0,10.9,0.00939368061485909
2020-11-09,4673,39,600,1717,65.74,0.00834581639203938,12.6,88.4,0.009,13.7,0.00834581639203938
2020-11-10,5419,98,598,1697,65.74,0.0180845174386418,11.9,94.5,0.023,12.1,0.0180845174386418
2020-11-11,5636,74,606,1671,65.74,0.0131298793470546,11.5,94,0.018,20.8,0.0131298793470546
2020-11-12,6095,89,595,1606,65.74,0.0146021328958162,10.4,87.1,4.364,27.1,0.0146021328958162
2020-11-13,5923,55,609,1572,65.74,0.00928583488097248,9.4,91.5,0.121,23.1,0.00928583488097248
2020-11-14,5413,85,595,1530,65.74,0.0157029373729909,11.3,90.5,1.006,28.2,0.0157029373729909
2020-11-15,4840,43,586,1509,65.74,0.00888429752066116,12.5,81.6,9.157,43,0.00888429752066116
2020-11-16,4308,44,573,1557,65.74,0.010213556174559,10.6,83.4,1.491,33.1,0.010213556174559
2020-11-17,4624,86,576,1570,65.74,0.018598615916955,12.3,88.4,1.236,34,0.018598615916955
2020-11-18,5655,82,559,1528,65.74,0.014500442086649,12.7,78.7,0.212,34.9,0.014500442086649
2020-11-19,5942,73,555,1475,65.74,0.0122854257825648,8.9,77.7,3.834,38.1,0.0122854257825648
2020-11-20,6080,52,547,1414,65.74,0.00855263157894737,6.5,74.7,0.38,23.5,0.00855263157894737
2020-11-21,5401,48,550,1352,65.74,0.00888724310312905,9.1,87.9,0.438,30.8,0.00888724310312905
2020-11-22,5181,21,540,1393,56.48,0.00405327156919514,9.4,84,3.41,27,0.00405327156919514
2020-11-23,3931,54,536,1432,56.48,0.0137369626049351,6.7,78.5,0.009,20.5,0.0137369626049351
2020-11-24,4917,90,526,1399,56.48,0.0183038438071995,8,89.4,0,20.2,0.0183038438071995
2020-11-25,4486,74,529,1310,56.48,0.0164957646009808,6.6,86.9,0,23.6,0.0164957646009808
2020-11-26,5748,75,524,1257,56.48,0.0130480167014614,8.9,93.2,2.285,13.7,0.0130480167014614
2020-11-27,4471,83,518,1251,56.48,0.0185640796242451,6.3,94.8,1.987,13.8,0.0185640796242451
2020-11-28,5594,59,511,1200,56.48,0.0105470146585627,5,94.6,0,20.2,0.0105470146585627
2020-11-29,4568,23,506,1194,56.48,0.00503502626970228,2,91.9,0,14.9,0.00503502626970228
2020-11-30,4049,27,481,1240,56.48,0.00666831316374413,3.3,95.4,8.39,26.9,0.00666831316374413
2020-12-01,4924,62,478,1205,56.48,0.012591389114541,8.6,85,7.424,32.6,0.012591389114541
2020-12-02,5609,66,475,1131,56.48,0.0117668033517561,5.9,92.3,0.012,16.7,0.0117668033517561
2020-12-03,5907,61,458,1137,56.48,0.0103267309971221,5.8,92.3,3.862,31.4,0.0103267309971221
2020-12-04,6536,59,473,1152,56.48,0.00902692778457772,5.6,79.5,0.761,36.6,0.00902692778457772
2020-12-05,6798,39,472,1130,56.48,0.0057369814651368,2.3,86,0,17,0.0057369814651368
2020-12-06,7067,25,469,1172,56.48,0.00353756898259516,2.3,91.7,0.023,12.8,0.00353756898259516
2020-12-07,6162,17,470,1190,56.48,0.00275884453099643,5,93.2,9.493,21.4,0.00275884453099643
2020-12-08,6534,71,464,1236,56.48,0.0108662381389654,2.6,93.7,0,10.4,0.0108662381389654
2020-12-09,8744,66,473,1211,56.48,0.007548032936871,1.2,96.5,0,23.5,0.007548032936871
2020-12-10,8854,61,469,1179,56.48,0.006889541450192,1.7,91.2,0,17.8,0.006889541450192
2020-12-11,9104,64,472,1209,56.48,0.0070298769771529,2.5,90.2,0.946,26.8,0.0070298769771529
2020-12-12,9891,53,481,1242,56.48,0.00535840663229198,5.7,98.3,1.778,17,0.00535840663229198
2020-12-13,8457,29,497,1270,56.48,0.00342911197824288,6.3,92.3,1.065,29.8,0.00342911197824288
2020-12-14,6650,34,503,1369,56.48,0.00511278195488722,9.2,90.3,2.613,30.3,0.00511278195488722
2020-12-15,11189,86,524,1430,71.3,0.00768612029671999,9,94.3,0.154,20.4,0.00768612029671999
2020-12-16,12786,78,526,1438,78.7,0.00610042233693102,7,94.5,0.075,23.1,0.00610042233693102
2020-12-17,11949,75,536,1467,78.7,0.00627667587245795,8.8,90.8,3.664,27.5,0.00627667587245795
2020-12-18,12238,84,549,1485,78.7,0.00686386664487661,8.1,87.2,0,27.1,0.00686386664487661
2020-12-19,13040,54,560,1505,78.7,0.00414110429447853,8.2,88.8,0.234,30.2,0.00414110429447853
2020-12-20,11173,32,580,1533,78.7,0.00286404725677974,8.2,89.6,0,26,0.00286404725677974
2020-12-21,9820,28,586,1576,78.7,0.00285132382892057,7.4,93.5,14.822,31.2,0.00285132382892057
2020-12-22,10412,114,586,1703,78.7,0.0109489051094891,10.4,92.1,9.78,43.8,0.0109489051094891
2020-12-23,11507,104,608,1686,78.7,0.00903797688363605,10.4,95.9,15.665,27.6,0.00903797688363605
2020-12-24,11502,89,596,1712,78.7,0.0077377847330899,5.7,85.1,15.957,31.5,0.0077377847330899
2020-12-25,9856,98,600,1704,78.7,0.00994318181818182,3.4,85.3,2.385,20,0.00994318181818182
2020-12-26,9080,46,615,1734,78.7,0.00506607929515419,5.2,89,1.635,44.2,0.00506607929515419
2020-12-27,7415,28,631,1797,78.7,0.00377612946729602,5.8,89.1,16.059,55.5,0.00377612946729602
2020-12-28,7520,45,658,1922,78.7,0.00598404255319149,3.6,91.8,3.089,19.9,0.00598404255319149
2020-12-29,9410,170,684,2077,78.7,0.0180658873538789,3.5,93.1,7.345,19.7,0.0180658873538789
2020-12-30,9692,112,712,2002,78.7,0.0115559224102352,4.3,89.3,3.78,25.1,0.0115559224102352
2020-12-31,8205,108,724,2104,78.7,0.013162705667276,2.3,92.9,1.464,17.1,0.013162705667276
2021-01-01,8603,97,703,1957,78.7,0.0112751365802627,2.4,93,0.65,12.4,0.0112751365802627
2021-01-02,7402,36,698,2005,78.7,0.004863550391786,2.9,97.5,1.118,13.5,0.004863550391786
2021-01-03,6563,47,704,2006,78.7,0.00716135913454213,3.5,87,0.005,24.2,0.00716135913454213
2021-01-04,6341,63,715,2130,78.7,0.00993534142879672,3.1,84.8,0.886,33.4,0.00993534142879672
2021-01-05,7138,187,731,2159,78.7,0.0261978145138694,3,89.1,0.23,25.7,0.0261978145138694
2021-01-06,9635,137,704,2131,78.7,0.0142189932537623,2.5,86.9,0.23,23.4,0.0142189932537623
2021-01-07,8143,85,712,2052,78.7,0.0104384133611691,2.9,91.3,6.695,23,0.0104384133611691
2021-01-08,7344,87,708,1936,78.7,0.0118464052287582,1.9,93.8,0.826,10.1,0.0118464052287582
2021-01-09,6612,136,700,1874,78.7,0.0205686630369026,0.5,89.5,0.109,14.4,0.0205686630369026
2021-01-10,5417,54,711,1850,78.7,0.00996861731585749,2.5,87.8,0,17.3,0.00996861731585749
2021-01-11,4892,50,702,1926,78.7,0.0102207686017989,5.7,86.6,1.924,33.8,0.0102207686017989
2021-01-12,6100,152,695,1945,78.7,0.0249180327868852,5.6,84.6,10.547,34.3,0.0249180327868852
2021-01-13,6484,122,700,1821,78.7,0.0188155459592844,4.5,78.2,0.589,29.8,0.0188155459592844
2021-01-14,6031,89,693,1814,78.7,0.0147570883767203,1.9,79.3,0.035,23.5,0.0147570883767203
2021-01-15,5272,94,690,1784,78.7,0.0178300455235205,1.4,78.6,0,19.2,0.0178300455235205
2021-01-16,5598,97,671,1694,78.7,0.0173276170060736,1.1,84.4,1.426,30.8,0.0173276170060736
2021-01-17,4769,41,676,1708,78.7,0.00859719018662193,3.8,92.2,0.728,23,0.00859719018662193
2021-01-18,4285,50,690,1744,78.7,0.0116686114352392,5,89,0.032,29.6,0.0116686114352392
2021-01-19,5538,106,683,1767,78.7,0.0191404839292163,7.8,90.6,16.687,46,0.0191404839292163
2021-01-20,5800,86,679,1709,78.7,0.0148275862068966,8.8,74.4,0.097,40.8,0.0148275862068966
2021-01-21,5749,89,677,1667,78.7,0.0154809532092538,7.3,76.6,5.891,52.3,0.0154809532092538
2021-01-22,5430,85,674,1684,78.7,0.0156537753222836,4.6,83.1,2.366,30.7,0.0156537753222836
2021-01-23,4891,88,673,1633,82.41,0.0179922306276835,3.2,87.4,1.268,23.7,0.0179922306276835
2021-01-24,4046,30,680,1667,82.41,0.0074147305981216,1.9,85.9,0.63,17,0.0074147305981216
2021-01-25,3922,39,664,1720,82.41,0.00994390617032126,1.8,85.3,1.575,30.7,0.00994390617032126
2021-01-26,4735,86,674,1705,82.41,0.0181626187961985,4.6,83.1,2.179,31.4,0.0181626187961985
2021-01-27,4699,68,651,1648,82.41,0.0144711640774633,4.7,92.4,0.993,30.6,0.0144711640774633
2021-01-28,4365,83,645,1595,82.41,0.0190148911798396,4.8,95.6,9.695,18.1,0.0190148911798396
2021-01-29,4198,56,659,1572,82.41,0.0133396855645545,7.1,90.9,9.578,39.6,0.0133396855645545
2021-01-30,3706,87,640,1600,82.41,0.0234754452239611,0.7,80.8,0,27.8,0.0234754452239611
2021-01-31,3188,39,646,1573,82.41,0.0122333751568381,-1.1,81.1,0,21.3,0.0122333751568381
2021-02-01,3578,27,639,1631,82.41,0.00754611514812745,0.7,92.4,1.547,17.9,0.00754611514812745
2021-02-02,4028,83,629,1640,82.41,0.0206057596822244,3.3,94.4,2.342,20.8,0.0206057596822244
2021-02-03,4207,61,613,1601,82.41,0.0144996434513905,8.2,94.1,15.263,27.7,0.0144996434513905
2021-02-04,4333,65,602,1519,82.41,0.0150011539349181,6.7,89.9,0.159,27.4,0.0150011539349181
2021-02-05,4085,60,573,1479,82.41,0.01468788249694,6.3,93.9,3.353,17.4,0.01468788249694
2021-02-06,3941,61,547,1436,82.41,0.0154783049987313,3,91.7,1.039,44.3,0.0154783049987313
2021-02-07,2221,48,535,1445,82.41,0.0216118865375957,-3.5,85.5,6.503,50.5,0.0216118865375957
2021-02-08,1754,25,542,1492,78.7,0.0142531356898518,-4.5,79.5,0.976,38.5,0.0142531356898518
2021-02-09,3197,83,550,1460,78.7,0.0259618392242728,-2.9,75.5,1.047,21.8,0.0259618392242728
2021-02-10,4414,79,533,1457,78.7,0.017897598550068,-3.2,77.2,0.176,19.8,0.017897598550068
2021-02-11,4354,72,537,1415,78.7,0.0165365181442352,-5.1,78.1,0.176,14.1,0.0165365181442352
2021-02-12,4200,65,534,1370,78.7,0.0154761904761905,-5,72.8,0,33.7,0.0154761904761905
2021-02-13,3450,66,538,1325,78.7,0.0191304347826087,-4.7,64.7,0,23.1,0.0191304347826087
2021-02-14,2814,23,530,1329,78.7,0.00817341862117982,-1.1,56.1,0,28,0.00817341862117982
2021-02-15,2704,27,536,1386,78.7,0.00998520710059172,2.6,82,6.686,29.7,0.00998520710059172
2021-02-16,3373,86,526,1400,78.7,0.0254965905721909,6.6,88.8,1.636,26.8,0.0254965905721909
2021-02-17,4526,88,520,1399,78.7,0.0194432169686257,8.6,87.7,0.918,30,0.0194432169686257
2021-02-18,4732,72,523,1408,78.7,0.0152155536770921,8.4,81.9,3.906,30.1,0.0152155536770921
2021-02-19,4571,49,510,1433,78.7,0.0107197549770291,6.8,83.1,0.298,26.8,0.0107197549770291
2021-02-20,4674,62,522,1336,78.7,0.0132648694908002,11.6,73.4,0,29.2,0.0132648694908002
2021-02-21,4162,17,534,1315,78.7,0.00408457472369053,11.2,72.5,0,23.2,0.00408457472369053
2021-02-22,3806,32,561,1347,78.7,0.00840777719390436,11.4,65.8,0,19.8,0.00840777719390436
2021-02-23,4367,94,538,1379,78.7,0.0215250744217999,12.2,77.4,0.018,32.6,0.0215250744217999
2021-02-24,5014,63,533,1350,78.7,0.0125648185081771,13.4,70.4,0,27,0.0125648185081771
2021-02-25,5114,32,526,1361,78.7,0.00625733281188893,10.3,81.5,0,23.6,0.00625733281188893
2021-02-26,4939,65,525,1339,78.7,0.0131605588175744,6.1,85.4,0.062,23.6,0.0131605588175744
2021-02-27,4671,40,518,1291,78.7,0.00856347677156926,4.4,91,0,9.8,0.00856347677156926
2021-02-28,3764,20,526,1322,78.7,0.0053134962805526,3.7,90.4,0,16.6,0.0053134962805526
2021-03-01,3984,21,536,1375,78.7,0.0052710843373494,5.6,86.2,0,20.1,0.0052710843373494
2021-03-02,4998,65,540,1444,78.7,0.0130052020808323,6.3,81.6,0,14.8,0.0130052020808323
2021-03-03,4118,48,549,1397,75,0.0116561437591064,4,94.7,0,12.9,0.0116561437591064
2021-03-04,4670,33,539,1384,75,0.00706638115631692,4.1,84.4,0,23.5,0.00706638115631692
2021-03-05,5337,32,541,1370,75,0.00599587783398913,2.8,69.9,0.004,20.6,0.00599587783398913
2021-03-06,4529,41,542,1321,75,0.0090527710311327,1.3,79.6,0,12.8,0.0090527710311327
2021-03-07,3834,30,545,1306,75,0.00782472613458529,2.3,76.6,0,16.8,0.00782472613458529
2021-03-08,4297,28,558,1347,75,0.006516174074936,4.9,78.1,1.991,19.7,0.006516174074936
2021-03-09,5274,56,556,1407,75,0.0106181266590823,5.5,87.4,4.44,23,0.0106181266590823
2021-03-10,5323,31,560,1353,75,0.00582378358068758,5.4,84.1,2.916,41.9,0.00582378358068758
2021-03-11,6027,50,572,1353,75,0.00829600132736021,8.8,79.6,1.712,72.4,0.00829600132736021
2021-03-12,6400,26,576,1334,75,0.0040625,6.8,79.6,4.183,52.9,0.0040625
2021-03-13,5974,22,554,1321,75,0.00368262470706394,6.9,77.9,6.363,57.5,0.00368262470706394
2021-03-14,5469,23,554,1368,75,0.00420552203327848,6.6,79.7,1.035,33.2,0.00420552203327848
2021-03-15,4905,18,564,1455,75,0.0036697247706422,6.5,84.4,2.634,37.3,0.0036697247706422
2021-03-16,5927,32,586,1451,75,0.00539902142736629,5.6,88.4,5.334,20.6,0.00539902142736629
2021-03-17,6130,46,568,1424,75,0.00750407830342577,5.3,84.5,0.243,22.2,0.00750407830342577
2021-03-18,7375,33,564,1436,75,0.00447457627118644,4.6,87.5,0.464,22.3,0.00447457627118644
2021-03-19,7599,46,579,1462,75,0.00605342808264245,4.8,74,0,21.8,0.00605342808264245
2021-03-20,6967,16,602,1445,75,0.00229654083536673,3.9,87.2,0.138,18.1,0.00229654083536673
2021-03-21,6261,15,611,1462,75,0.00239578342117873,6.4,78.4,0.104,28.1,0.00239578342117873
2021-03-22,5563,15,638,1555,75,0.00269638684163221,5.7,81.4,0.014,15.3,0.00269638684163221
2021-03-23,7583,49,623,1575,75,0.00646182249769221,6.3,84.2,0,23.9,0.00646182249769221
2021-03-24,7708,32,625,1562,75,0.0041515308770109,7.1,78.8,0,24.9,0.0041515308770109
2021-03-25,7566,26,619,1573,75,0.00343642611683849,7.9,79.4,0.33,28.5,0.00343642611683849
2021-03-26,8798,24,625,1596,75,0.00272789270288702,9.9,70.9,1.294,37.1,0.00272789270288702
2021-03-27,7442,29,643,1595,75,0.00389680193496372,6.7,72.3,1.019,39.1,0.00389680193496372
2021-03-28,6718,15,655,1593,75,0.00223280738314975,9,75.8,0.19,44.2,0.00223280738314975
2021-03-29,5832,10,675,1667,75,0.00171467764060357,11.5,66.8,0,32.4,0.00171467764060357
2021-03-30,7633,34,682,1728,75,0.0044543429844098,12.1,60,0,14.8,0.0044543429844098
2021-03-31,7840,29,681,1653,75,0.00369897959183673,13.6,60.3,0,13.9,0.00369897959183673
2021-04-01,7257,21,688,1639,75,0.00289375775113683,9.9,72.6,0,25.8,0.00289375775113683
2021-04-02,7628,16,705,1625,75,0.00209753539590981,5.5,78.5,0.049,23.8,0.00209753539590981
2021-04-03,6822,31,734,1614,75,0.00454412195836998,6.9,67.9,0,22.1,0.00454412195836998
2021-04-04,5320,16,730,1587,75,0.00300751879699248,6.2,74,0,24.4,0.00300751879699248
2021-04-05,5541,7,746,1628,75,0.00126330987186428,4.6,74.1,1.446,44.2,0.00126330987186428
2021-04-06,6359,20,750,1748,75,0.00314514860827174,2.7,75.8,3.508,36.8,0.00314514860827174
2021-04-07,7793,23,776,1782,75,0.00295136661106121,3.8,79.3,8.508,43.9,0.00295136661106121
2021-04-08,7635,19,798,1727,75,0.00248853962017027,5.3,64.6,0.007,32.3,0.00248853962017027
2021-04-09,7684,40,784,1711,75,0.00520562207183758,7.4,76.9,0,29.1,0.00520562207183758
2021-04-10,8221,23,787,1704,75,0.00279771317357986,5.1,81.5,9.287,29,0.00279771317357986
2021-04-11,6675,17,788,1729,75,0.00254681647940075,4.4,76.7,2.235,28.7,0.00254681647940075
2021-04-12,6685,20,794,1788,75,0.00299177262528048,3.4,78.2,2.13,27.5,0.00299177262528048
2021-04-13,5389,31,794,1760,75,0.0057524587121915,4.8,67.8,0,20.4,0.0057524587121915
2021-04-14,8742,26,784,1715,75,0.00297414779226722,4.4,73.6,0.13,24.5,0.00297414779226722
2021-04-15,8901,13,789,1688,75,0.00146051005504999,5.1,72.1,0.07,20.2,0.00146051005504999
2021-04-16,8288,12,792,1698,75,0.00144787644787645,6.3,66.8,0,22.1,0.00144787644787645
2021-04-17,8508,31,802,1626,75,0.0036436295251528,6.6,71.6,0,18.6,0.0036436295251528
2021-04-18,7117,12,808,1670,75,0.00168610369537727,7.8,78.7,0,19.9,0.00168610369537727
2021-04-19,6824,22,813,1731,75,0.00322391559202814,9.2,79.5,0,15.7,0.00322391559202814
2021-04-20,8475,27,823,1830,75,0.0031858407079646,10.8,74.1,0,16.7,0.0031858407079646
2021-04-21,9612,18,822,1792,75,0.00187265917602996,7.9,74.3,0,25.8,0.00187265917602996
2021-04-22,9210,19,839,1843,75,0.00206297502714441,6.5,65.9,0,20.6,0.00206297502714441
2021-04-23,8062,14,837,1776,75,0.00173654180104193,6.7,74.2,0,14.9,0.00173654180104193
2021-04-24,8014,22,816,1698,75,0.00274519590716247,7.5,70.5,0,26.8,0.00274519590716247
2021-04-25,6200,11,841,1691,75,0.0017741935483871,7,64.2,0,20.9,0.0017741935483871
2021-04-26,5342,13,813,1759,71.3,0.00243354548858106,6.5,66,0,24.1,0.00243354548858106
2021-04-27,8649,31,820,1777,71.3,0.003584229390681,9.1,56.1,0,20.5,0.003584229390681
2021-04-28,7277,11,814,1797,67.59,0.0015116119279923,10.2,54.3,0,26.6,0.0015116119279923
2021-04-29,7758,20,813,1891,67.59,0.0025779840164991,7.8,81.5,13.707,33.4,0.0025779840164991
2021-04-30,5759,24,807,1899,67.59,0.00416739017190484,7.8,87.9,4.782,16.8,0.00416739017190484
2021-05-01,5508,21,811,1827,67.59,0.00381263616557734,7.4,79.6,0.243,23.2,0.00381263616557734
2021-05-02,9187,3,804,1796,67.59,0.000326548383585501,6.9,72.2,0.004,26.8,0.000326548383585501
2021-05-03,7735,17,825,1817,67.59,0.0021978021978022,9.3,70.6,0.02,31.1,0.0021978021978022
2021-05-04,7273,32,818,1795,67.59,0.00439983500618727,9.2,77.4,8.69,52.6,0.00439983500618727
2021-05-05,6792,24,830,1715,67.59,0.00353356890459364,7.3,73.5,2.367,46.4,0.00353356890459364
2021-05-06,7485,24,807,1744,67.59,0.0032064128256513,6.9,76.1,1.159,19,0.0032064128256513
2021-05-07,7402,21,797,1724,67.59,0.00283707106187517,7.1,72,0.645,27.3,0.00283707106187517
2021-05-08,6563,29,778,1700,67.59,0.00441871095535578,9.1,80.8,4.046,31.5,0.00441871095535578
2021-05-09,5858,4,767,1668,67.59,0.000682826903379993,17,74.1,4.78,30.7,0.000682826903379993
2021-05-10,5521,17,757,1730,67.59,0.00307915232747691,15.5,77.2,4.695,35.3,0.00307915232747691
2021-05-11,6361,43,748,1732,67.59,0.00675994340512498,13.1,84,2.946,15.2,0.00675994340512498
2021-05-12,6017,16,738,1607,67.59,0.00265913245803557,11.7,76.9,0.455,22.9,0.00265913245803557
2021-05-13,5515,14,733,1498,67.59,0.00253853127833182,12.2,80,3.379,25.3,0.00253853127833182
2021-05-14,4451,10,728,1522,67.59,0.00224668613794653,10.7,81.5,0.155,15.3,0.00224668613794653
2021-05-15,4441,13,710,1473,67.59,0.00292726863319072,10.3,84.3,8.054,13.4,0.00292726863319072
2021-05-16,2829,13,686,1466,67.59,0.00459526334393779,11.5,83,4.329,23.2,0.00459526334393779
2021-05-17,5336,7,681,1502,67.59,0.00131184407796102,11.2,86,11.263,26.7,0.00131184407796102
2021-05-18,4564,17,646,1503,67.59,0.00372480280455741,11.4,79.4,0.791,23.9,0.00372480280455741
2021-05-19,4651,15,637,1365,67.59,0.00322511287895076,10.9,83.6,2.893,19,0.00322511287895076
2021-05-20,4168,18,621,1278,67.59,0.00431861804222649,11.5,77.5,0.257,29.1,0.00431861804222649
2021-05-21,3172,12,608,1214,67.59,0.00378310214375788,12.8,66.5,0.892,60.3,0.00378310214375788
2021-05-22,3422,19,602,1129,67.59,0.00555230859146698,10.6,83.9,13.729,39.4,0.00555230859146698
2021-05-23,2700,7,610,1104,67.59,0.00259259259259259,11,76.6,2.074,32.2,0.00259259259259259
2021-05-24,2462,10,598,1097,67.59,0.00406173842404549,11.4,84,7.602,29.5,0.00406173842404549
2021-05-25,2774,13,579,1102,67.59,0.00468637346791637,10.6,84.2,1.807,31.8,0.00468637346791637
2021-05-26,3336,10,559,1059,67.59,0.00299760191846523,10.7,84.5,2.307,36.3,0.00299760191846523
2021-05-27,3862,16,541,971,67.59,0.00414293112377007,10.7,86.9,6.026,26.5,0.00414293112377007
2021-05-28,3388,15,521,919,67.59,0.00442739079102716,12.3,76.9,0,13.6,0.00442739079102716
2021-05-29,2719,8,499,853,67.59,0.00294225818315557,12.2,79.2,0,17.3,0.00294225818315557
2021-05-30,2045,6,486,841,67.59,0.00293398533007335,14,75.1,0,21.3,0.00293398533007335
2021-05-31,2320,2,477,850,67.59,0.000862068965517241,16.2,69.4,0,17.2,0.000862068965517241
2021-06-01,2521,9,447,793,67.59,0.00357001190003967,18.5,54,0,21.1,0.00357001190003967
2021-06-02,2735,12,420,769,67.59,0.00438756855575868,20.3,60.5,0,16.4,0.00438756855575868
2021-06-03,2397,14,394,704,67.59,0.00584063412599082,19.6,75.5,0,23.7,0.00584063412599082
2021-06-04,2127,8,377,688,67.59,0.00376116596144805,19,73.7,0.036,17.5,0.00376116596144805
2021-06-05,1547,9,351,658,67.59,0.00581771170006464,14.7,93.2,11.317,19.8,0.00581771170006464
2021-06-06,1385,4,344,654,67.59,0.00288808664259928,16.1,70.4,0,17.8,0.00288808664259928
2021-06-07,1424,3,343,650,67.59,0.00210674157303371,16.3,68.5,0,17.5,0.00210674157303371
2021-06-08,1725,15,321,616,67.59,0.00869565217391304,18.4,67,0,15.9,0.00869565217391304
2021-06-09,1569,5,304,530,67.59,0.00318674314850223,18.3,70.7,0,20.5,0.00318674314850223
2021-06-10,1385,6,297,486,67.59,0.00433212996389892,18.1,74.8,0,17.3,0.00433212996389892
2021-06-11,1212,3,281,448,67.59,0.00247524752475248,17.3,87.7,0,23.8,0.00247524752475248
2021-06-12,1045,1,269,403,67.59,0.000956937799043062,16.4,75.5,0,22.5,0.000956937799043062
2021-06-13,852,2,265,411,67.59,0.00234741784037559,16.2,69.4,0,9.1,0.00234741784037559
2021-06-14,1042,4,263,418,67.59,0.00383877159309021,19.1,66.5,0,19.8,0.00383877159309021
2021-06-15,1027,1,250,395,67.59,0.000973709834469328,17.9,68,0,16.2,0.000973709834469328
2021-06-16,1075,4,239,366,67.59,0.00372093023255814,21,64.4,0,16.8,0.00372093023255814
2021-06-17,895,3,226,347,67.59,0.00335195530726257,22.9,71.2,0,29.4,0.00335195530726257
2021-06-18,689,1,218,315,67.59,0.00145137880986938,21.2,86.2,27.131,23.1,0.00145137880986938
2021-06-19,707,3,211,308,67.59,0.00424328147100424,17.6,86,0,25.3,0.00424328147100424
2021-06-20,559,0,204,301,67.59,0,17.7,84,30.342,20.7,0
2021-06-21,691,1,197,294,67.59,0.00144717800289436,14.1,87.4,11.022,24.4,0.00144717800289436
2021-06-22,659,3,185,277,67.59,0.00455235204855842,14.6,70.5,0,24.9,0.00455235204855842
2021-06-23,703,4,170,255,62.04,0.00568990042674253,14.3,69.6,0.127,16.6,0.00568990042674253
2021-06-24,650,2,158,234,62.04,0.00307692307692308,14.6,74,0,14.6,0.00307692307692308
2021-06-25,559,5,147,216,62.04,0.00894454382826476,14.7,86.4,1.654,21.1,0.00894454382826476
2021-06-26,498,0,141,198,32.41,0,18.8,83.4,0.25,17.4,0
2021-06-27,557,1,141,204,32.41,0.00179533213644524,20.2,80.9,14.961,27.9,0.00179533213644524
2021-06-28,550,0,142,189,32.41,0,19.9,85.9,0.605,13.8,0
2021-06-29,635,4,127,182,32.41,0.0062992125984252,16.8,91.7,4.291,20.2,0.0062992125984252
2021-06-30,829,0,128,168,32.41,0,13.9,92.7,6.548,16.9,0
2021-07-01,941,3,119,159,32.41,0.00318809776833156,15.1,86,0.322,23.6,0.00318809776833156
2021-07-02,1125,7,108,140,32.41,0.00622222222222222,16.9,83.8,0.028,13.8,0.00622222222222222
2021-07-03,1217,1,102,128,32.41,0.000821692686935086,18,82.3,1.706,18.7,0.000821692686935086
2021-07-04,1519,0,99,126,32.41,0,18.2,85.6,2.074,18.9,0
2021-07-05,2216,1,110,126,32.41,0.000451263537906137,16.9,83,1.532,20.7,0.000451263537906137
2021-07-06,3649,1,103,109,32.41,0.000274047684297068,17.8,76.4,2.424,39.8,0.000274047684297068
2021-07-07,5433,3,104,102,32.41,0.000552181115405853,17.5,72.2,0,23.6,0.000552181115405853
2021-07-08,6927,2,90,106,32.41,0.00028872527789808,17.4,77.3,0,19.8,0.00028872527789808
2021-07-09,10283,2,86,120,32.41,0.000194495769717009,16.6,82.6,0,19.4,0.000194495769717009
2021-07-10,9323,1,82,123,36.11,0.000107261611069398,17,82.9,7.33,9.7,0.000107261611069398
2021-07-11,8441,0,88,118,36.11,0,17.6,86.1,2.212,19.3,0
2021-07-12,7824,1,84,129,36.11,0.000127811860940695,19,82.6,1.286,17.9,0.000127811860940695
2021-07-13,10435,3,75,129,36.11,0.000287494010541447,18.8,90.3,0.088,20.4,0.000287494010541447
2021-07-14,10982,1,74,138,36.11,9.10580950646512e-05,18,92.5,0.162,27.3,9.10580950646512e-05
2021-07-15,11300,3,72,158,36.11,0.000265486725663717,18.2,86,1.11,28.5,0.000265486725663717
2021-07-16,11036,2,75,190,36.11,0.000181225081551287,17.9,74.2,0,23.2,0.000181225081551287
2021-07-17,10140,0,77,207,36.11,0,19.4,75.3,0,20.9,0
2021-07-18,8874,1,76,235,36.11,0.000112688753662384,19.6,77.7,0,23.7,0.000112688753662384
2021-07-19,6712,2,84,277,36.11,0.000297973778307509,18,75.3,0,17.5,0.000297973778307509
2021-07-20,6907,5,100,315,41.67,0.000723903286520921,17.6,70.8,0,11.2,0.000723903286520921
2021-07-21,6241,3,106,322,41.67,0.000480692196763339,19.3,71.3,0,13.5,0.000480692196763339
2021-07-22,6398,3,107,329,41.67,0.000468896530165677,18,72.5,0,17.7,0.000468896530165677
2021-07-23,5269,3,107,370,41.67,0.000569368001518315,17.5,75.7,0,17.3,0.000569368001518315
2021-07-24,4593,4,116,388,41.67,0.000870890485521446,18.6,80.1,0.007,17.1,0.000870890485521446
2021-07-25,3851,4,134,399,41.67,0.00103869124902623,19.5,84.6,5.959,15.1,0.00103869124902623
2021-07-26,3973,1,140,437,41.67,0.000251698968034231,19.1,87.4,2.973,21.1,0.000251698968034231
2021-07-27,3461,3,159,457,41.67,0.000866801502455938,18,87.5,9.152,17.2,0.000866801502455938
2021-07-28,4429,8,164,465,41.67,0.00180627681192143,17.5,82.3,4.794,38.6,0.00180627681192143
2021-07-29,3404,3,177,471,41.67,0.000881316098707403,17.1,70.2,5.127,39.1,0.000881316098707403
2021-07-30,2935,6,176,475,41.67,0.0020442930153322,16.8,77.2,5.357,35.3,0.0020442930153322
2021-07-31,2304,6,181,486,41.67,0.00260416666666667,17,84.5,10.595,34,0.00260416666666667
2021-08-01,2094,2,187,496,41.67,0.000955109837631328,16.3,85.8,3.667,20.4,0.000955109837631328
2021-08-02,2184,0,197,522,41.67,0,15,75.5,0,16.8,0
2021-08-03,2817,3,199,520,41.67,0.00106496272630458,14.8,79.6,0.454,13.4,0.00106496272630458
2021-08-04,3382,7,192,470,41.67,0.00206978119455943,16.1,81.7,19.652,18.6,0.00206978119455943
2021-08-05,2950,11,199,474,41.67,0.00372881355932203,17.9,80.4,0,14,0.00372881355932203
2021-08-06,2425,8,206,473,41.67,0.00329896907216495,18.8,77,1.237,36.8,0.00329896907216495
2021-08-07,2318,9,201,475,41.67,0.00388265746333046,17.2,78.6,4.8,26.7,0.00388265746333046
2021-08-08,2026,2,200,473,41.67,0.000987166831194472,16.8,81.8,6.337,38.9,0.000987166831194472
2021-08-09,2161,2,212,478,41.67,0.000925497454881999,16.9,80.1,6.108,33,0.000925497454881999
2021-08-10,2163,10,214,472,41.67,0.00462320850670365,17.3,79.4,3.273,23.4,0.00462320850670365
2021-08-11,2607,10,210,446,41.67,0.00383582662063675,17.6,82.2,0,16.7,0.00383582662063675
2021-08-12,2720,7,210,439,41.67,0.00257352941176471,18.3,81.1,0,18.6,0.00257352941176471
2021-08-13,2343,7,196,450,41.67,0.00298762270593257,17.9,79.9,0,29.4,0.00298762270593257
2021-08-14,2289,7,198,454,41.67,0.00305810397553517,18.3,80,0,24.8,0.00305810397553517
2021-08-15,2249,3,200,471,41.67,0.00133392618941752,19.2,77.3,0,33,0.00133392618941752
2021-08-16,2306,6,199,504,41.67,0.002601908065915,16.6,74.2,4.098,39.8,0.002601908065915
2021-08-17,2819,6,198,488,41.67,0.00212841433132316,15.4,83.1,5.484,26.4,0.00212841433132316
2021-08-18,2574,8,212,469,41.67,0.00310800310800311,17,83.7,0.138,26.9,0.00310800310800311
2021-08-19,2262,6,220,452,41.67,0.0026525198938992,16.7,87.2,1.142,20.7,0.0026525198938992
2021-08-20,2436,6,215,452,41.67,0.00246305418719212,17.7,85.9,0.927,20.4,0.00246305418719212
2021-08-21,2453,8,218,439,41.67,0.00326131267835304,18.2,85.3,0.371,14.1,0.00326131267835304
2021-08-22,2390,6,219,441,41.67,0.00251046025104603,18,91.9,19.153,23.6,0.00251046025104603
2021-08-23,2437,3,224,454,41.67,0.00123102174805088,18.4,76.2,0.092,23.9,0.00123102174805088
2021-08-24,2906,12,230,461,41.67,0.00412938747419133,17.4,79.2,0,20.4,0.00412938747419133
2021-08-25,2642,10,228,446,41.67,0.00378501135503407,16.1,85.9,0,22.4,0.00378501135503407
2021-08-26,2875,9,218,440,41.67,0.0031304347826087,16.4,77.8,0.32,21.7,0.0031304347826087
2021-08-27,2450,3,222,437,41.67,0.00122448979591837,15.4,80.4,1.721,28.1,0.00122448979591837
2021-08-28,2325,10,224,421,41.67,0.0043010752688172,17,80.4,0.333,27.9,0.0043010752688172
2021-08-29,2196,3,224,418,41.67,0.00136612021857923,16.3,86.6,0.599,23.8,0.00136612021857923
2021-08-30,2350,4,220,469,41.67,0.00170212765957447,17.6,84.8,0,22.2,0.00170212765957447
2021-08-31,2867,12,212,459,41.67,0.00418555981862574,15.8,84.8,0,18.5,0.00418555981862574
2021-09-01,2800,4,207,436,41.67,0.00142857142857143,16.6,76.8,0,11.1,0.00142857142857143
2021-09-02,2569,8,209,442,41.67,0.00311405216037369,16.2,78.3,0,13,0.00311405216037369
2021-09-03,2713,9,216,439,41.67,0.00331736085514191,16,83.6,0,19.4,0.00331736085514191
2021-09-04,2374,10,212,442,41.67,0.004212299915754,15.9,80.6,0,23,0.004212299915754
2021-09-05,2115,2,213,467,41.67,0.000945626477541371,16.1,79,0,17.1,0.000945626477541371
2021-09-06,2481,3,220,462,41.67,0.00120918984280532,17.3,79.8,0,12.3,0.00120918984280532
2021-09-07,2820,8,215,463,41.67,0.00283687943262411,19.2,74.7,0,10.4,0.00283687943262411
2021-09-08,2395,7,219,452,41.67,0.00292275574112735,20.1,71.3,0,17.9,0.00292275574112735
2021-09-09,2713,3,214,443,41.67,0.00110578695171397,19.7,77.1,0,20.9,0.00110578695171397
2021-09-10,2198,4,211,462,41.67,0.00181983621474067,19.5,86.9,1.334,20.3,0.00181983621474067
2021-09-11,3014.5,6,209,439,41.67,0.00199037983081771,18.5,87.9,1.132,26,0.00199037983081771
2021-09-12,3831,0,205,435,41.67,0,17,82.2,0,17.3,0
2021-09-13,2029,5,208,450,41.67,0.00246426811237063,15.3,86.5,0.06,16.3,0.00246426811237063
2021-09-14,2376,11,203,432,41.67,0.00462962962962963,17.4,82.6,0.144,17,0.00462962962962963
2021-09-15,2098,7,200,400,41.67,0.00333651096282174,17.1,87.8,0.236,23.5,0.00333651096282174
2021-09-16,2170,8,202,378,41.67,0.00368663594470046,16.7,78.2,0.428,23.1,0.00368663594470046
2021-09-17,2017,10,194,372,41.67,0.00495785820525533,16.4,87.1,0.353,19.7,0.00495785820525533
2021-09-18,1663,4,192,359,41.67,0.00240529164161155,15.7,85.7,0,14.2,0.00240529164161155
2021-09-19,1347,3,195,364,41.67,0.0022271714922049,15.9,82,0,18.3,0.0022271714922049
2021-09-20,1690,10,198,367,41.67,0.00591715976331361,13.7,69.4,0,20.8,0.00591715976331361
2021-09-21,1929,6,200,378,41.67,0.0031104199066874,12.7,80.1,0,17,0.0031104199066874
2021-09-22,1838,4,186,346,41.67,0.00217627856365615,14.9,81.6,0,20,0.00217627856365615
2021-09-23,1698,12,183,330,41.67,0.00706713780918728,16.1,81.1,0,33.9,0.00706713780918728
2021-09-24,1611,4,175,316,41.67,0.00248292985723153,17.5,79.5,0,33.2,0.00248292985723153
2021-09-25,1613,3,173,297,41.36,0.0018598884066956,18.1,87.6,0,17.3,0.0018598884066956
2021-09-26,1387,1,169,304,41.36,0.000720980533525595,17.5,85.1,0.735,19.8,0.000720980533525595
2021-09-27,1729,7,164,320,41.36,0.00404858299595142,16.1,86.5,3.25,35.5,0.00404858299595142
2021-09-28,1783,8,154,321,41.36,0.00448681996634885,14.4,77.6,0.035,20.9,0.00448681996634885
2021-09-29,1703,6,143,313,41.36,0.00352319436288902,12.6,82.2,11.186,29.7,0.00352319436288902
2021-09-30,1733,2,140,316,41.36,0.00115406809001731,12.7,72,1.414,30.5,0.00115406809001731
2021-10-01,1666,6,132,305,41.33,0.00360144057623049,13.6,81.8,10.77,30.5,0.00360144057623049
2021-10-02,1619,5,128,294,41.33,0.00308832612723904,13.1,89.9,11.554,41.2,0.00308832612723904
2021-10-03,1638,1,131,319,41.33,0.00061050061050061,13.8,88.7,12.8,38.3,0.00061050061050061
2021-10-04,1903,4,128,326,41.33,0.00210194429847609,13.5,79.6,0.374,36.9,0.00210194429847609
2021-10-05,1895,7,132,351,41.33,0.00369393139841689,13,83.2,5.794,34.3,0.00369393139841689
2021-10-06,2759,3,134,347,41.33,0.00108735048930772,12.9,87.1,23.708,28.9,0.00108735048930772
2021-10-07,2792,6,128,341,41.33,0.00214899713467049,12.7,90.8,0.132,10.7,0.00214899713467049
2021-10-08,2510,2,130,339,35.75,0.000796812749003984,11,90.6,0.004,13.7,0.000796812749003984
2021-10-09,2258,2,127,343,35.75,0.000885739592559787,10.8,89.8,0.014,13.7,0.000885739592559787
2021-10-10,2719,1,130,349,35.75,0.000367782272894446,10.4,90.6,1.378,15.6,0.000367782272894446
2021-10-11,2887,5,138,359,35.75,0.00173190162798753,12.3,82.5,0.696,23.4,0.00173190162798753
2021-10-12,3733,7,138,374,35.75,0.00187516742566301,11.6,82.6,6.047,26.7,0.00187516742566301
2021-10-13,3634,12,137,387,35.75,0.00330214639515685,11,83.2,0.653,19.3,0.00330214639515685
2021-10-14,3716,4,140,394,35.75,0.00107642626480086,14.2,83.7,1.562,29.8,0.00107642626480086
2021-10-15,3703,7,137,406,35.72,0.00189035916824197,12.6,76.2,2.136,33.1,0.00189035916824197
2021-10-16,3677,5,138,408,35.72,0.0013598041881969,10.8,77.1,0,20.1,0.0013598041881969
2021-10-17,3354,6,142,411,35.72,0.00178890876565295,11.9,73.3,0.018,22.7,0.00178890876565295
2021-10-18,3899,4,146,464,35.72,0.00102590407796871,11.5,81.8,0,20.6,0.00102590407796871
2021-10-19,4582,14,152,465,35.72,0.00305543430816237,16.1,91.6,1.458,36.8,0.00305543430816237
2021-10-20,5206,11,165,485,35.72,0.00211294660007683,16,83,1.99,44.5,0.00211294660007683
2021-10-21,5869,7,164,496,35.72,0.0011927074459022,10.8,79.2,31.688,43.5,0.0011927074459022
2021-10-22,5680,10,174,524,35.69,0.00176056338028169,9.9,74.5,5.059,43.3,0.00176056338028169
2021-10-23,6296,23,179,524,35.69,0.00365311308767471,8.5,86.4,0.009,14.1,0.00365311308767471
2021-10-24,5296,1,185,563,35.69,0.000188821752265861,8.5,83.8,0,19.6,0.000188821752265861
2021-10-25,5749,6,199,597,35.69,0.00104365976691599,10.3,93.8,1.185,21.7,0.00104365976691599
2021-10-26,7264,20,192,657,35.69,0.00275330396475771,12.3,90.4,0.617,26.7,0.00275330396475771
2021-10-27,7685,17,200,659,35.69,0.0022121014964216,13.7,87.3,0,27.6,0.0022121014964216
2021-10-28,7391,14,203,741,35.69,0.00189419564335002,11.7,85.7,0,26.9,0.00189419564335002
2021-10-29,7946,13,217,804,35.66,0.0016360432922225,12.5,79.7,0.094,34.1,0.0016360432922225
2021-10-30,8174,13,218,824,35.66,0.00159040861267433,12.1,93.7,9.168,30.1,0.00159040861267433
2021-10-31,7694,14,220,902,35.66,0.00181959968806862,11.2,91.8,11.237,30.7,0.00181959968806862
2021-11-01,7731,12,236,976,35.66,0.00155219247186651,10,82.4,0.622,38.2,0.00155219247186651
2021-11-02,9112,18,240,1072,35.66,0.00197541703248464,7.2,93.7,3.127,15.2,0.00197541703248464
2021-11-03,10214,33,250,1060,35.66,0.00323085960446446,5.7,94.6,1.2,13.6,0.00323085960446446
2021-11-04,10911,23,273,1054,35.66,0.00210796443955641,6.6,91.7,3.438,14.8,0.00210796443955641
2021-11-05,11962,20,286,1064,35.64,0.00167196121049992,8.2,86.7,0.781,19.3,0.00167196121049992
2021-11-06,11349,36,288,1111,35.64,0.00317208564631245,10.7,86.8,0.666,34.6,0.00317208564631245
2021-11-07,11805,8,305,1185,35.64,0.000677678949597628,10.4,77.4,2.122,34.3,0.000677678949597628
2021-11-08,11289,22,326,1247,35.64,0.00194879971653822,8.3,85,0.15,19.4,0.00194879971653822
2021-11-09,12648,29,319,1328,35.64,0.00229285262492094,8.2,92.8,0,23.2,0.00229285262492094
2021-11-10,16296,25,327,1320,35.64,0.00153411880216004,10,87.5,0,16,0.00153411880216004
2021-11-11,16204,26,330,1369,35.64,0.00160454208837324,10.4,92.3,0.415,13.4,0.00160454208837324
2021-11-12,13848,32,353,1402,35.62,0.0023108030040439,8.3,88.1,0.346,23.8,0.0023108030040439
2021-11-13,12030,33,365,1425,46.73,0.0027431421446384,11.2,94.4,9.503,26.8,0.0027431421446384
2021-11-14,19197,6,377,1486,46.73,0.000312548835755587,9.9,92.9,0.177,17,0.000312548835755587
2021-11-15,20178,16,380,1605,46.73,0.000792942808999901,7,89.8,0,16.7,0.000792942808999901
2021-11-16,20764,35,385,1686,46.73,0.00168560970911192,5.1,90.3,0.062,14.1,0.00168560970911192
2021-11-17,23593,44,402,1675,46.73,0.00186495994574662,8.8,86.7,0.526,23.7,0.00186495994574662
2021-11-18,21032,34,413,1697,46.73,0.00161658425256752,10.4,86.9,0,30.7,0.00161658425256752
2021-11-19,21798,37,428,1719,46.7,0.00169740343150748,12.2,89.4,0,26.5,0.00169740343150748
2021-11-20,20646,55,432,1785,46.7,0.0026639542768575,10.5,89.8,0.35,23.5,0.0026639542768575
2021-11-21,23002,11,466,1850,46.7,0.000478219285279541,8.4,82.7,2.535,21.7,0.000478219285279541
2021-11-22,22956,29,470,1960,46.7,0.00126328628680955,5.2,83,0,14.1,0.00126328628680955
2021-11-23,23713,53,488,2052,46.7,0.00223506093703876,7.2,93.5,0.748,9.6,0.00223506093703876
2021-11-24,22189,50,505,2030,46.7,0.00225336878633557,7.1,88.5,0.009,19.4,0.00225336878633557
2021-11-25,21281,60,530,2015,46.7,0.00281941638080917,6.3,85.5,1.235,16.8,0.00281941638080917
2021-11-26,22031,59,528,2070,46.67,0.00267804457355544,4.9,86.9,10.531,37.5,0.00267804457355544
2021-11-27,22135,55,555,2069,50.37,0.00248475265416761,3.7,92.2,13.761,28.7,0.00248475265416761
2021-11-28,21443,45,551,2091,50.37,0.00209858695145269,2.6,90.3,3.097,20.8,0.00209858695145269
2021-11-29,22163,32,563,2209,50.37,0.00144384785453233,4.5,84.3,7.251,26,0.00144384785453233
2021-11-30,18519,65,595,2250,50.37,0.0035099087423727,8.8,93.9,14.542,36.4,0.0035099087423727
2021-12-01,23048,45,587,2181,50.37,0.00195244706699063,8.6,83.6,5.035,48.1,0.00195244706699063
2021-12-02,21529,65,605,2208,50.37,0.00301918342700543,2.8,86,8.398,23.5,0.00301918342700543
2021-12-03,22614,62,603,2125,50.35,0.00274166445564694,3.7,90.2,1.106,38.2,0.00274166445564694
2021-12-04,23082,56,597,2073,54.03,0.00242613291742483,5.3,94.1,3.935,17.6,0.00242613291742483
2021-12-05,20965,26,593,2094,54.03,0.00124016217505366,4.5,92.4,3.085,25.3,0.00124016217505366
2021-12-06,17921,34,611,2134,54.03,0.00189721555716757,3.1,93.8,3.733,30.5,0.00189721555716757
2021-12-07,18067,68,624,2202,54.03,0.00376376819615874,4.4,85.4,5.328,34.6,0.00376376819615874
2021-12-08,19767,72,626,2198,54.03,0.00364243436029747,5.1,86,1.808,31.4,0.00364243436029747
2021-12-09,17478,77,626,2204,54.03,0.00440553839112027,3.8,92.6,0.881,23,0.00440553839112027
2021-12-10,17716,85,635,2148,54.02,0.00479792278166629,3.4,90.3,0.503,24.1,0.00479792278166629
2021-12-11,16588,70,634,2109,54.02,0.00421991801302146,4.6,91.6,0.718,22.2,0.00421991801302146
2021-12-12,13787,38,642,2120,54.02,0.00275621962718503,8.9,96.5,5.627,24.4,0.00275621962718503
2021-12-13,12760,28,630,2118,54.02,0.00219435736677116,9.7,88.8,0.36,20.6,0.00219435736677116
2021-12-14,13493,74,634,2110,54.02,0.0054843252056622,9.1,93.8,1.194,20.3,0.0054843252056622
2021-12-15,16329,41,626,1996,54.02,0.00251087023087758,9.9,90.4,0.009,22.9,0.00251087023087758
2021-12-16,15369,55,623,1923,54.02,0.00357863231179647,6.5,97,0,10.5,0.00357863231179647
2021-12-17,14616,60,622,1834,54.01,0.00410509031198686,7.8,96.6,0.192,12.7,0.00410509031198686
2021-12-18,13279,50,618,1736,54.01,0.00376534377588674,6.4,97.7,0.067,10.7,0.00376534377588674
2021-12-19,12154,48,609,1714,63.89,0.00394931709725193,7.1,94.3,0.371,16.8,0.00394931709725193
2021-12-20,9316,36,596,1815,63.89,0.0038643194504079,5.1,79.4,0.014,9.9,0.0038643194504079
2021-12-21,13353,30,595,1754,63.89,0.00224668613794653,-0.2,89.3,0.078,7.6,0.00224668613794653
2021-12-22,13362,47,581,1674,63.89,0.00351743750935489,-1.7,90.3,0,13.9,0.00351743750935489
2021-12-23,12436,40,564,1657,63.89,0.00321646831778707,2.2,90.7,1.506,24.4,0.00321646831778707
2021-12-24,12590,40,546,1580,63.89,0.00317712470214456,8,95.1,5.264,27.4,0.00317712470214456
2021-12-25,11886,44,534,1444,63.89,0.00370183409052667,-0.5,73.3,0.008,28.2,0.00370183409052667
2021-12-26,11432,11,541,1442,63.89,0.00096221133659902,-1.7,71.1,0,20.8,0.00096221133659902
2021-12-27,9175,12,533,1464,63.89,0.00130790190735695,4.8,97.9,1.127,20.4,0.00130790190735695
2021-12-28,15817,75,521,1471,63.89,0.00474173357779604,8.7,95.1,3.043,31.5,0.00474173357779604
2021-12-29,14778,49,515,1450,63.89,0.00331573961293815,9.3,94.4,4.707,29.9,0.00331573961293815
2021-12-30,16813,40,492,1365,63.89,0.00237911140189139,12,92.5,0.314,43.6,0.00237911140189139
2021-12-31,15713,32,481,1285,63.89,0.00203653026156686,12.4,86.1,0.336,40.4,0.00203653026156686
2022-01-01,17582,27,459,1188,69.44,0.00153566147195996,11.7,89.4,0.332,24.1,0.00153566147195996
2022-01-02,14536,6,462,1200,69.44,0.000412768299394606,11.5,86.4,6.9,46.3,0.000412768299394606
2022-01-03,18506,14,475,1255,69.44,0.000756511401707554,9.5,85.4,0.643,37.7,0.000756511401707554
2022-01-04,24897,19,464,1229,69.44,0.000763144153914126,6.8,85.8,0.889,20.5,0.000763144153914126
2022-01-05,24812,39,449,1185,69.44,0.00157182008705465,5.6,79.7,3.771,41.4,0.00157182008705465
2022-01-06,34872,12,419,1122,69.44,0.000344115622849277,3.7,82.2,0.116,28.2,0.000344115622849277
2022-01-07,28357,24,409,1107,69.44,0.000846351870790281,4.4,83.6,2.346,31,0.000846351870790281
2022-01-08,32484,8,405,1076,69.44,0.00024627508927472,3.7,88.9,11.312,37.6,0.00024627508927472
2022-01-09,28171,7,397,1073,69.44,0.00024848248198502,5.3,84.5,6.542,33.1,0.00024848248198502
2022-01-10,29039,8,396,1130,65.74,0.000275491580288577,2.6,93.8,0.005,13.5,0.000275491580288577
2022-01-11,32244,18,386,1102,65.74,0.000558243394119836,2.5,90,0.706,19.8,0.000558243394119836
2022-01-12,33835,8,375,1057,65.74,0.000236441554603222,4.1,98.2,0.119,11.2,0.000236441554603222
2022-01-13,36318,13,358,1002,65.74,0.00035794922627898,5.5,98.8,0.042,20.6,0.00035794922627898
2022-01-14,31853,15,334,954,65.74,0.000470913257777917,5.6,93.7,0.014,17,0.000470913257777917
2022-01-15,36511,6,321,898,52.1,0.000164334036317822,3.1,97.7,0.014,17.3,0.000164334036317822
2022-01-16,42352,7,311,906,50.23,0.000165281450698904,6.1,88,0.043,24.3,0.000165281450698904
2022-01-17,56023.5,3,316,923,50.23,5.35489571340598e-05,6.8,85.7,0.015,27.7,5.35489571340598e-05
2022-01-18,69695,0,302,883,50.23,0,3.3,98.7,0.019,13.9,0
2022-01-19,40038,20,302,846,50.23,0.000499525450821719,4.9,90.5,1.068,24.7,0.000499525450821719
2022-01-20,57570,12,289,834,50.23,0.000208441896821261,4.2,76.8,1.13,35.3,0.000208441896821261
2022-01-21,46147,12,287,821,50.22,0.000260038572388238,4.5,86.2,0.656,23.2,0.000260038572388238
2022-01-22,65367,10,287,796,50.22,0.000152982391726712,6.6,87.3,0.024,17.2,0.000152982391726712
2022-01-23,64677,2,275,818,50.22,3.09228937643985e-05,6.2,89,0.076,9.6,3.09228937643985e-05
2022-01-24,54160,8,262,879,50.22,0.000147710487444609,4.8,77.5,0,10.3,0.000147710487444609
2022-01-25,58700,9,252,911,50.22,0.000153321976149915,3.2,80.7,0,9.5,0.000153321976149915
2022-01-26,64555,12,249,905,50.22,0.000185888002478507,4.6,84,0,27.2,0.000185888002478507
2022-01-27,74088,14,233,898,50.22,0.00018896447467876,7.3,84.9,2.081,33.8,0.00018896447467876
2022-01-28,39444,9,238,903,50.21,0.000228171585031944,6.6,80.9,0,29.6,0.000228171585031944
2022-01-29,75220,8,213,916,48.33,0.000106354692900824,9.2,83.2,0.038,45.4,0.000106354692900824
2022-01-30,112227,2,209,945,48.33,1.78210234613774e-05,6.4,70,0.009,36.1,1.78210234613774e-05
2022-01-31,105818,5,212,1035,48.33,4.72509402937118e-05,5.9,80.4,7.224,61,4.72509402937118e-05
2022-02-01,66999,16,206,1137,48.33,0.000238809534470664,7.3,84.4,2.166,40.8,0.000238809534470664
2022-02-02,82886,10,215,1157,48.33,0.000120647636512801,8.4,85.4,0.611,36.9,0.000120647636512801
2022-02-03,68936,7,218,1168,48.33,0.000101543460601137,7.6,92,0.998,27.2,0.000101543460601137
2022-02-04,40135,4,214,1152,48.32,9.96636352310951e-05,6.8,85.2,6.796,42,9.96636352310951e-05
2022-02-05,94894,11,229,1134,48.32,0.00011591881467743,6.4,78.7,3.87,53.3,0.00011591881467743
2022-02-06,77619,9,211,1133,48.32,0.000115950991380976,7.5,85.5,13.603,54,0.000115950991380976
2022-02-07,82089,5,214,1279,48.32,6.09095006639136e-05,6.2,75.2,0.403,45.6,6.09095006639136e-05
2022-02-08,86559,0,226,1354,48.32,0,9.7,81,0.012,35.5,0
2022-02-09,86789,8,206,1325,48.32,9.21775801080782e-05,8.9,88.8,0.223,31.2,9.21775801080782e-05
2022-02-10,80630,15,198,1315,48.32,0.00018603497457522,6.8,83.9,3.805,21.4,0.00018603497457522
2022-02-11,70357,19,189,1351,48.32,0.000270051309748852,4.5,73.9,1.697,37.8,0.000270051309748852
2022-02-12,60165,12,176,1295,48.32,0.000199451508352032,2.9,73.4,0,30.8,0.000199451508352032
2022-02-13,55011,7,179,1303,48.32,0.000127247277817164,5.3,71.7,0,36.1,0.000127247277817164
2022-02-14,53519,7,181,1373,48.32,0.000130794671051402,9.2,75.3,1.228,42.7,0.000130794671051402
2022-02-15,63880,12,181,1475,37.21,0.000187852222917971,7.3,85.7,9.646,41.5,0.000187852222917971
2022-02-16,56378,18,173,1477,37.21,0.000319273475469155,10.3,91,7.597,61.3,0.000319273475469155
2022-02-17,49289,17,168,1420,37.21,0.000344904542595711,8.8,70.4,0.152,56.8,0.000344904542595711
2022-02-18,33609,16,179,1405,34.69,0.000476062959326371,8.2,77.8,1.17,82.5,0.000476062959326371
2022-02-19,36440,11,182,1368,34.69,0.000301866081229418,6.1,71.1,11.876,62.4,0.000301866081229418
2022-02-20,35987,8,168,1378,34.69,0.000222302498124323,7.9,89,19.7,67.8,0.000222302498124323
2022-02-21,34672,6,166,1445,34.69,0.000173050299953853,6.5,76.4,6.6,56.5,0.000173050299953853
2022-02-22,37621.5,18,171,1455,34.69,0.000478449822574857,7,85.2,1.955,44,0.000478449822574857
2022-02-23,40571,11,163,1411,34.69,0.000271129624608711,7.6,76.1,0,35.6,0.000271129624608711
2022-02-24,41184,13,163,1392,34.69,0.000315656565656566,6.4,76.8,6.122,40.3,0.000315656565656566
2022-02-25,37542,8,159,1354,30.5,0.000213094667305951,5.5,77.4,1.621,34.3,0.000213094667305951
2022-02-26,32898,6,169,1229,30.5,0.000182381907714755,3.5,83.6,0.005,16.9,0.000182381907714755
2022-02-27,27383,3,169,1190,30.5,0.000109557024431216,4.9,66.9,0,31.5,0.000109557024431216
2022-02-28,28867,6,162,1308,30.5,0.000207849793882288,4.8,62.8,0,24.3,0.000207849793882288
2022-03-01,36496,16,150,1258,30.5,0.000438404208680403,4.6,78.2,1.598,11.4,0.000438404208680403
2022-03-02,48489,12,160,1285,30.5,0.000247478809626926,6.3,70.9,0,18,0.000247478809626926
2022-03-03,58284,7,155,1256,30.5,0.000120101571614851,5.3,58.5,0,21.8,0.000120101571614851
2022-03-04,68312,10,147,1244,30.5,0.000146387164773393,4.9,62.3,0,18.1,0.000146387164773393
2022-03-05,67208,9,157,1201,30.5,0.000133912629448875,2.4,74.8,0,18.1,0.000133912629448875
2022-03-06,66799,4,157,1211,30.5,5.98811359451489e-05,3.4,71.1,0,27.9,5.98811359451489e-05
2022-03-07,64454,0,161,1325,30.5,0,3.2,72.5,0,21.2,0
2022-03-08,66234,12,157,1429,30.5,0.000181175831144125,5,53.3,0,31.5,0.000181175831144125
2022-03-09,74246,10,170,1460,30.5,0.000134687390566495,6.8,51.7,0,20.5,0.000134687390566495
2022-03-10,74518,41,160,1498,30.5,0.00055020263560482,8.7,52.4,0,26.7,0.00055020263560482
2022-03-11,69186,13,160,1503,30.5,0.000187899285982713,9.9,47.8,0,32.1,0.000187899285982713
2022-03-12,60049,11,154,1528,30.5,0.000183183733284484,10.8,62.9,0.116,27.1,0.000183183733284484
2022-03-13,52342,8,152,1622,30.5,0.000152840930801269,12.1,59.8,0,24.3,0.000152840930801269
2022-03-14,45900,6,151,1769,19.39,0.000130718954248366,9.5,77.9,0.157,24.4,0.000130718954248366
2022-03-15,52897,12,156,1796,19.39,0.000226855965366656,8.8,75,0,13,0.000226855965366656
2022-03-16,60265,11,161,1810,19.39,0.000182527171658508,9.4,73,0,27.9,0.000182527171658508
2022-03-17,53669,19,154,1801,19.39,0.000354021874825318,8.3,76.9,1.355,30.4,0.000354021874825318
2022-03-18,54220,19,152,1823,19.38,0.000350424197713021,8.2,76,0,23.2,0.000350424197713021
2022-03-19,41460,11,139,1665,19.38,0.000265315967197299,8.8,60.1,0,31.9,0.000265315967197299
2022-03-20,34823,8,137,1723,19.38,0.000229733222295609,5.2,70.1,0.228,28.1,0.000229733222295609
2022-03-21,31921,3,148,1869,19.38,9.39820181072022e-05,7.7,64.8,0,16,9.39820181072022e-05
2022-03-22,40558,25,158,1832,19.38,0.000616401203215149,11.2,67.4,0,10.8,0.000616401203215149
2022-03-23,42788,16,158,1869,17.5,0.000373936617743293,11.3,62.2,0,16.3,0.000373936617743293
2022-03-24,39098,15,147,1826,17.5,0.000383651337664331,10.1,66.5,0,12.1,0.000383651337664331
2022-03-25,34994,20,143,1854,17.49,0.000571526547408127,8.9,66.5,0,20,0.000571526547408127
2022-03-26,28145,20,149,1757,17.49,0.0007106057914372,9.8,71.1,0,19.2,0.0007106057914372
2022-03-27,25018,7,155,1776,17.49,0.000279798545047566,10,71,0,17.9,0.000279798545047566
2022-03-28,21517,10,135,1916,17.49,0.000464748803271832,8.1,85.6,0,16.3,0.000464748803271832
2022-03-29,30697,16,123,1933,17.49,0.000521223572336059,8.4,79.8,0,17.8,0.000521223572336059
2022-03-30,27783,37,124,1855,17.49,0.00133174963106936,6.3,76.1,0.014,25.9,0.00133174963106936
2022-03-31,25444,26,127,1787,17.49,0.00102185191007703,2.3,91.3,16.085,36.3,0.00102185191007703
2022-04-01,21752,6,121,1706,17.49,0.000275836704670835,2.6,72.5,7.551,45,0.000275836704670835
2022-04-02,16951,14,125,1633,17.49,0.000825909975812636,3.7,60.5,0.014,26.3,0.000825909975812636
2022-04-03,12377,6,117,1624,17.49,0.000484770138159489,3.2,78.2,0.7,20.8,0.000484770138159489
2022-04-04,10773,10,104,1688,17.49,0.00092824654228163,7,86.9,11.267,45.6,0.00092824654228163
2022-04-05,14039,14,103,1636,17.49,0.00099722202436071,9.6,90.2,2.848,34.1,0.00099722202436071
2022-04-06,13041,21,95,1523,19.38,0.00161030595813205,10,81.3,0.596,50,0.00161030595813205
2022-04-07,12881,9,97,1498,19.38,0.000698703516807701,8.7,79.7,11.153,57.4,0.000698703516807701
2022-04-08,10873,13,110,1440,19.37,0.00119562218339005,6.6,73.6,4.312,39.6,0.00119562218339005
2022-04-09,9908,16,103,1381,19.37,0.00161485668146952,6,74.4,0.255,36.9,0.00161485668146952
2022-04-10,7178,2,103,1340,19.37,0.000278629144608526,6.4,67.3,3.631,19.9,0.000278629144608526
2022-04-11,6636,3,86,1388,19.37,0.000452079566003617,9.1,59.9,0.064,23.9,0.000452079566003617
2022-04-12,6308,15,94,1329,19.37,0.00237793278376665,13.4,57.8,0,23.8,0.00237793278376665
2022-04-13,4944,22,89,1273,19.37,0.00444983818770227,13.2,77.5,0,19.9,0.00444983818770227
2022-04-14,4695,10,94,1213,19.37,0.00212992545260916,12.1,78.6,0.007,21,0.00212992545260916
2022-04-15,4139,8,101,1137,19.37,0.00193283401787871,9.4,80.6,0,17.3,0.00193283401787871
2022-04-16,3495,4,97,1122.75,19.37,0.0011444921316166,10.9,65,0,18.8,0.0011444921316166
2022-04-17,2838,1,93,1108.5,19.37,0.000352360817477097,11.8,46.9,0,20.5,0.000352360817477097
2022-04-18,2075,2,89,1094.25,19.37,0.000963855421686747,12.9,46.6,0,17.3,0.000963855421686747
2022-04-19,2505,4,85,1080,15.67,0.00159680638722555,12.3,61,0,23.1,0.00159680638722555
2022-04-20,3522,11,77,1049,15.67,0.00312322544009086,11.9,59,0.009,24.4,0.00312322544009086
2022-04-21,3036,19,79,1020,15.67,0.00625823451910408,12,63.6,0,28,0.00625823451910408
2022-04-22,2617,9,83,966,15.67,0.00343905235001911,13.4,63.4,0,29.1,0.00343905235001911
2022-04-23,2045,10,82.3333333333333,949.333333333333,15.67,0.00488997555012225,14,60.1,0,35.5,0.00488997555012225
2022-04-24,1590,5,81.6666666666667,932.666666666667,15.67,0.00314465408805031,12,63,0,32.4,0.00314465408805031
2022-04-25,1406,6,81,916,15.67,0.0042674253200569,9.1,79.6,0.446,23.9,0.0042674253200569
2022-04-26,1862,7,76,906,15.67,0.0037593984962406,9.4,69.3,0,24.2,0.0037593984962406
2022-04-27,1757,3,71,853,15.67,0.00170745589072282,8.1,72.6,0,14.2,0.00170745589072282
2022-04-28,1248,2,66,800,15.67,0.0016025641025641,8.1,75.2,0,21.5,0.0016025641025641
2022-04-29,1676,4,65,787,15.67,0.00238663484486874,8.8,73.9,0,24.3,0.00238663484486874
2022-04-30,1596,6,62.6666666666667,786.333333333333,15.67,0.0037593984962406,8.5,74.8,0,19.8,0.0037593984962406
2022-05-01,1291,4,60.3333333333333,785.666666666667,15.67,0.00309837335398916,8.7,74.7,0,16.3,0.00309837335398916
2022-05-02,1311,3,58,785,15.67,0.0022883295194508,10.7,68.5,0,20.6,0.0022883295194508
2022-05-03,1747,6,56,722,15.67,0.00343445907269605,9.1,82.1,0,17.6,0.00343445907269605
2022-05-04,1680,4,49,642,15.67,0.00238095238095238,9.7,65.1,0,13.8,0.00238095238095238
2022-05-05,1669,3,45,634.5,15.67,0.0017974835230677,12.1,76.1,0,16.5,0.0017974835230677
2022-05-06,1303,1,41,627,15.67,0.000767459708365311,13.5,77.1,0,23.6,0.000767459708365311
2022-05-07,1482,4,40.6666666666667,618.666666666667,15.67,0.00269905533063428,14.4,76.8,0.064,22.3,0.00269905533063428
2022-05-08,1234,2,40.3333333333333,610.333333333333,15.67,0.00162074554294976,11.3,69.2,0,20.3,0.00162074554294976
2022-05-09,1088,2,40,602,15.67,0.00183823529411765,13.9,62.4,0,13.5,0.00183823529411765
2022-05-10,1583,3,39,620,15.67,0.00189513581806696,16.2,64.2,0.046,38.1,0.00189513581806696
2022-05-11,1395,6,42,609,15.67,0.0043010752688172,14.9,70.6,2.276,37.4,0.0043010752688172
2022-05-12,1428,5,42,558,15.67,0.00350140056022409,13.7,69.9,0.235,31.1,0.00350140056022409
2022-05-13,1264,0,40,515,15.67,0,14.1,68.2,0,33.4,0
2022-05-14,1327,2,37,506.333333333333,15.67,0.00150715900527506,15.1,69.9,0,17.3,0.00150715900527506
2022-05-15,1008,0,34,497.666666666667,15.67,0,17.4,61.2,0,20,0
2022-05-16,821,0,31,489,15.67,0,17.7,68.4,0.719,34.3,0
2022-05-17,1312,3,32,492,15.67,0.00228658536585366,17.6,76.4,0.159,17.1,0.00228658536585366
2022-05-18,1198,0,33,496,15.67,0,18.2,74.1,0,19.7,0
2022-05-19,1436,4,26,463,15.67,0.00278551532033426,17.3,84.9,5.039,28.4,0.00278551532033426
2022-05-20,1042,5,25,420,15.67,0.00479846449136276,13.2,87.9,12.342,23,0.00479846449136276
2022-05-21,1178,1,26.6666666666667,419,15.67,0.000848896434634975,14,78.7,0.062,27.5,0.000848896434634975
2022-05-22,764,0,28.3333333333333,418,15.67,0,15,72,0,13.5,0
2022-05-23,737,0,30,417,15.67,0,15.9,77,12.218,24.2,0
2022-05-24,1190,2,35,389,15.67,0.00168067226890756,13.8,79.5,1.302,33.3,0.00168067226890756
2022-05-25,1059,5,29,387,15.67,0.00472143531633617,13.5,77.1,0.164,43.1,0.00472143531633617
2022-05-26,1057,3,26.5,366.5,15.67,0.00283822138126774,15.7,76,0.113,37.8,0.00283822138126774
2022-05-27,903,1,24,346,15.67,0.00110741971207087,14.1,69.8,0.962,36.3,0.00110741971207087
2022-05-28,891,3,24.3333333333333,340.333333333333,15.67,0.00336700336700337,12.2,68.8,0.733,28.1,0.00336700336700337
2022-05-29,826,1,24.6666666666667,334.666666666667,15.67,0.00121065375302663,10.8,75.8,1.085,26.7,0.00121065375302663
2022-05-30,987,0,25,329,15.67,0,10.5,72.9,0.104,18.1,0
2022-05-31,1247,4,19,330,15.67,0.00320769847634322,12.4,71.3,1.895,12.7,0.00320769847634322
2022-06-01,1373,2,24,307,15.67,0.00145666423889294,12.4,78.1,3.83,24.9,0.00145666423889294
2022-06-02,1535,1,25,297,15.67,0.000651465798045603,13.1,72.5,0.049,17.1,0.000651465798045603
2022-06-03,1460,0,20,301,15.67,0,16.6,63.2,0,25.8,0
2022-06-04,1439,1,20.25,310.75,15.67,0.00069492703266157,15.4,72.5,0,28.1,0.00069492703266157
2022-06-05,1239,0,20.5,320.5,15.67,0,15.8,84.5,17.283,29.2,0
2022-06-06,977,0,20.75,330.25,15.67,0,14.1,86.1,10.779,36.8,0
2022-06-07,1502,0,21,340,15.67,0,14.7,76,0,28.3,0
2022-06-08,1777,1,22,343,15.67,0.00056274620146314,15.6,86.5,3.812,23.3,0.00056274620146314
2022-06-09,2429,3,21,348,15.67,0.00123507616303005,16.2,73.4,0.073,24,0.00123507616303005
2022-06-10,2235,2,21,340,15.67,0.000894854586129754,17.3,75.9,0.009,30.5,0.000894854586129754
2022-06-11,3549,0,22.6666666666667,363.333333333333,15.67,0,17.3,67.5,0,27.4,0
2022-06-12,4863,0,24.3333333333333,386.666666666667,15.67,0,15.9,72.9,0,25,0
2022-06-13,6177,4,26,410,15.67,0.000647563542172576,14.8,70.4,0.015,25.2,0.000647563542172576
2022-06-14,2874,0,29,404,15.67,0,15,67,0,14,0
2022-06-15,3415,1,28,419,15.67,0.000292825768667643,17.4,65.8,0,18,0.000292825768667643
2022-06-16,4166,5,24,409,15.67,0.00120019203072492,18.3,58.9,0,13.6,0.00120019203072492
2022-06-17,3858,1,23,436,15.67,0.000259201658890617,21.9,57.2,0,22.9,0.000259201658890617
2022-06-18,5989.33333333333,0,22.6666666666667,466.666666666667,15.67,0,20.2,70.3,0,23.9,0
2022-06-19,8120.66666666667,0,22.3333333333333,497.333333333333,15.67,0,14.7,72.6,1.621,32.2,0
2022-06-20,10252,2,22,528,15.67,0.000195083886071011,15.1,70.6,0.012,24.7,0.000195083886071011
2022-06-21,4793,2,22,583,15.67,0.000417275192989777,15.3,74.3,0,16.5,0.000417275192989777
2022-06-22,4826,1,24,580,15.67,0.000207210940737671,17.4,67.8,0,20.9,0.000207210940737671
2022-06-23,5507,2,25,563,15.67,0.00036317414200109,21.8,67.4,0,19.8,0.00036317414200109
2022-06-24,5166,4,27,566,15.67,0.000774293457220286,20,78.9,21.634,24.5,0.000774293457220286
2022-06-25,7737,0,30.3333333333333,593.333333333333,15.67,0,18.3,80.9,3.691,20.1,0
2022-06-26,10308,0,33.6666666666667,620.666666666667,15.67,0,17.9,76.8,1.863,20.4,0
2022-06-27,12879,4,37,648,15.67,0.000310583119807438,17,78.9,2.959,22.7,0.000310583119807438
2022-06-28,5778,4,35,692,15.67,0.000692281066112842,17.6,68.2,0,19.8,0.000692281066112842
2022-06-29,6271,8,39,675,15.67,0.00127571360229628,20.5,62.6,0,20.7,0.00127571360229628
2022-06-30,6512,8,36,694,15.67,0.00122850122850123,17.7,79.6,7.292,27.8,0.00122850122850123
2022-07-01,6076,3,41,717,15.66,0.000493745885450955,16.2,75.6,5.235,28.3,0.000493745885450955
2022-07-02,8637.66666666667,0,40.3333333333333,741,15.66,0,17.8,64.6,0,22,0
2022-07-03,11199.3333333333,0,39.6666666666667,765,15.66,0,17.5,73.2,0.142,23.6,0
2022-07-04,13761,3,39,789,15.66,0.000218007412252017,17.1,70.2,0,25.1,0.000218007412252017
2022-07-05,6653,9,45,822,15.66,0.00135277318502931,16.3,69.2,0,27.5,0.00135277318502931
2022-07-06,6430,4,42,801,15.66,0.00062208398133748,16.5,69,0.01,28,0.00062208398133748
2022-07-07,7296,5,35,827,15.66,0.00068530701754386,16.6,75.8,0.299,31.4,0.00068530701754386
2022-07-08,6702,3,35,811,15.66,0.00044762757385855,17.1,74.5,0,23.7,0.00044762757385855
2022-07-09,9605.66666666667,0,38,849.333333333333,15.66,0,17.2,76.5,0,27.9,0
2022-07-10,12509.3333333333,0,41,887.666666666667,15.66,0,17,73.3,0.005,23.6,0
2022-07-11,15413,2,44,926,15.66,0.000129760591708298,18.2,80.3,0.054,15.7,0.000129760591708298
2022-07-12,7413,3,47,961,15.66,0.000404694455685957,20.5,72.8,0,13.9,0.000404694455685957
2022-07-13,6806,4,44,1000,15.66,0.000587716720540699,21.4,68.6,0.295,21.1,0.000587716720540699
2022-07-14,7056,4,48,1011,15.66,0.000566893424036281,16.6,71.1,0,24,0.000566893424036281
2022-07-15,6516,5,46,959,15.66,0.000767341927562922,16.8,66.3,0,23.6,0.000767341927562922
2022-07-16,8688,0,45.6666666666667,993.333333333333,15.66,0,17.6,64.9,0.322,23.5,0
2022-07-17,10860,0,45.3333333333333,1027.66666666667,15.66,0,17.9,65.5,0,11.4,0
2022-07-18,13032,10,45,1062,15.66,0.000767341927562922,23.1,51.9,0,10.9,0.000767341927562922
2022-07-19,5062,7,44,1081,15.66,0.00138285262741999,27.3,47,0,19.5,0.00138285262741999
2022-07-20,4503,7,41,1108,15.66,0.00155451920941594,23.8,59.7,0.102,30.2,0.00155451920941594
2022-07-21,4494,4,38,1087,15.66,0.000890075656430797,18.2,88.9,7.837,26.5,0.000890075656430797
2022-07-22,4629,6,44,1069,15.66,0.00129617627997408,17.1,71.9,0.025,13.5,0.00129617627997408
2022-07-23,6395.33333333333,0,45.3333333333333,1071.33333333333,15.66,0,18,71,0,13,0
2022-07-24,8161.66666666667,0,46.6666666666667,1073.66666666667,15.66,0,22.3,64.1,0,27.1,0
2022-07-25,9928,9,48,1076,15.66,0.000906526994359388,20.9,71.3,0.02,38.4,0.000906526994359388
2022-07-26,4478,11,46,1046,15.66,0.00245645377400625,17.6,73.2,8.153,21,0.00245645377400625
2022-07-27,4117,7,40,1038,15.66,0.00170026718484333,16.1,67.3,0.129,18.3,0.00170026718484333
2022-07-28,3684,6,42,975,15.66,0.00162866449511401,16.7,63.9,0,23.8,0.00162866449511401
2022-07-29,3232,3,42,895,15.66,0.000928217821782178,18.6,68,0,22.1,0.000928217821782178
2022-07-30,4597,0,41.6666666666667,880.333333333333,15.66,0,18.5,72.2,0,14.3,0
2022-07-31,5962,0,41.3333333333333,865.666666666667,15.66,0,19.2,88,4.091,29.3,0
2022-08-01,7327,5,41,851,15.66,0.000682407533779173,18.9,74.7,0.257,16.1,0.000682407533779173
2022-08-02,3322,3,44,837,15.66,0.00090307043949428,20,68.9,0,28.3,0.00090307043949428
2022-08-03,2916,6,43,839,15.66,0.00205761316872428,22.2,74.6,0,23.5,0.00205761316872428
2022-08-04,2438,4,35,831,15.66,0.00164068908941756,21.4,71.2,0,20.5,0.00164068908941756
2022-08-05,2470,1,40,836,15.66,0.000404858299595142,17.6,68.1,0,24.1,0.000404858299595142
2022-08-06,3272,0,42.6666666666667,815.666666666667,15.66,0,16.3,65.8,0,16.7,0
2022-08-07,4074,0,45.3333333333333,795.333333333333,15.66,0,16.5,70.9,0,16.9,0
2022-08-08,4876,17,48,775,15.66,0.0034864643150123,17.3,76.2,0,17.4,0.0034864643150123
2022-08-09,2188,4,41,750,15.66,0.00182815356489945,19.1,72.8,0,20.3,0.00182815356489945
2022-08-10,2119,4,33,704,15.66,0.00188768286927796,21.5,66.1,0,20.3,0.00188768286927796
2022-08-11,1762,2,36,654,15.66,0.00113507377979569,23.6,59.6,0,20.8,0.00113507377979569
2022-08-12,1880,4,43,636,15.66,0.00212765957446809,24.5,56,0,20.5,0.00212765957446809
2022-08-13,2590,0,43.3333333333333,638,15.66,0,24,50.6,0,17.2,0
2022-08-14,3300,0,43.6666666666667,640,15.66,0,24.5,56.7,0,15.1,0
2022-08-15,4010,5,44,642,15.66,0.00124688279301746,22.5,72.7,0.299,19.9,0.00124688279301746
2022-08-16,1925,8,42,657,15.66,0.00415584415584416,21.3,79.2,0,19.4,0.00415584415584416
2022-08-17,1680,6,44,646,15.66,0.00357142857142857,19.2,91,36.464,14.4,0.00357142857142857
2022-08-18,339,4,40,638,15.66,0.0117994100294985,19.9,84.6,0.337,13.2,0.0117994100294985
2022-08-19,2460,9,43,602,15.66,0.00365853658536585,19.8,85.8,0.098,19,0.00365853658536585
2022-08-20,2661.33333333333,0,43,590,15.66,0,19.2,71.5,0,25.7,0
2022-08-21,2862.66666666667,0,43,578,15.66,0,18.3,76.4,0,20,0
2022-08-22,3064,9,43,566,15.66,0.00293733681462141,19.8,72.3,0,14.3,0.00293733681462141
2022-08-23,1376,4,41,539,15.66,0.00290697674418605,21.8,71.7,0,13.7,0.00290697674418605
2022-08-24,1268,3,32,527,15.66,0.00236593059936909,22.5,78.8,0,14,0.00236593059936909
2022-08-25,1200,2,30,522,15.66,0.00166666666666667,24,69.1,0,22.7,0.00166666666666667
2022-08-26,1154,2,34,521,15.66,0.00173310225303293,19.3,77.6,0.185,23.4,0.00173310225303293
2022-08-27,1711,0,32.6666666666667,511,15.66,0,17,73.4,0,20.9,0
2022-08-28,2268,0,31.3333333333333,501,15.66,0,16.9,72.5,0,21.6,0
2022-08-29,2825,4,30,491,15.66,0.00141592920353982,17.1,73.4,0,17.8,0.00141592920353982
2022-08-30,1286,1,31,480,15.66,0.000777604976671851,18.6,70.1,0,25.2,0.000777604976671851
2022-08-31,1197,1,28,461,15.66,0.000835421888053467,18.6,60.4,0,28.4,0.000835421888053467
2022-09-01,2365,0,33,438,15.66,0,18.6,60.8,0,24,0
2022-09-02,1753,5,30,420,15.66,0.00285225328009127,19.4,52.5,2.022,20.5,0.00285225328009127
2022-09-03,1141,0,29.6666666666667,420,15.66,0,20.3,50.9,0,20.5,0
2022-09-04,884,0,29.3333333333333,420,15.66,0,20.2,72.3,0,13.6,0
2022-09-05,801,0,29,420,15.66,0,21.7,64.2,0.536,23.8,0
2022-09-06,1464,4,27,442,15.66,0.00273224043715847,20.8,76.2,1.171,18.4,0.00273224043715847
2022-09-07,2317.66666666667,0,28,415,15.66,0,19,81.4,15.712,22,0
2022-09-08,3171.33333333333,0,29,397,15.66,0,18.1,82.5,7.78,26.7,0
2022-09-09,4025,4,31,386,15.66,0.000993788819875776,16,88.8,4.839,29.6,0.000993788819875776
2022-09-10,4094,0,30.3333333333333,406.666666666667,15.66,0,17.3,85,8.069,20.5,0
2022-09-11,4163,0,29.6666666666667,427.333333333333,15.66,0,16.8,83,0,9.3,0
2022-09-12,4232,0,29,448,15.66,0,18.2,77.9,0,20,0
2022-09-13,4301,7,29,444,15.66,0.00162752848174843,18.6,77.4,0.092,16.2,0.00162752848174843
2022-09-14,4303.33333333333,0,30,429,15.66,0,16.3,77,0,15.3,0
2022-09-15,4305.66666666667,0,27,406,15.66,0,15.2,74.8,0.411,31.8,0
2022-09-16,4308,6,31,403,15.66,0.00139275766016713,13.1,76.8,11.03,33.2,0.00139275766016713
2022-09-17,4356,0,30.3333333333333,414.333333333333,11.11,0,12.7,74.6,4.668,36.7,0
2022-09-18,4404,0,29.6666666666667,425.666666666667,11.11,0,12.1,84.3,26.893,21.6,0
2022-09-19,4452,0,29,437,11.11,0,13.4,75.8,2.183,23.7,0
2022-09-20,4500,4,25,447,11.11,0.000888888888888889,12.8,78.5,0.134,15.2,0.000888888888888889
2022-09-21,4794,0,26,451,11.11,0,12.1,78.9,0,7.7,0
2022-09-22,5088,0,28,462,11.11,0,12.1,76.9,0,19.1,0
2022-09-23,5382,7,28,471,11.11,0.00130063173541434,13.5,82.3,0.019,18.5,0.00130063173541434
2022-09-24,5755.75,0,29.6666666666667,503.333333333333,11.11,0,14,84.6,13.498,21.4,0
2022-09-25,6129.5,0,31.3333333333333,535.666666666667,11.11,0,11.7,83.1,0.707,16.4,0
2022-09-26,6503.25,0,33,568,11.11,0,12.5,85.5,1.601,30.2,0
2022-09-27,6877,6,35,596,11.11,0.000872473462265523,9.9,85.8,17.254,17,0.000872473462265523
2022-09-28,7426.33333333333,0,31,627,11.11,0,10.3,85,12.888,17.7,0
2022-09-29,7975.66666666667,0,36,658,11.11,0,9.6,85.7,0.255,7.2,0
2022-09-30,8525,7,41,655,11.11,0.000821114369501466,11.8,81.1,0.089,27.9,0.000821114369501466
2022-10-01,9015.75,0,42,702.666666666667,11.11,0,14.4,81.5,15.484,35,0
2022-10-02,9506.5,0,43,750.333333333333,11.11,0,14.1,79.2,0.648,22.9,0
2022-10-03,9997.25,0,44,798,11.11,0,12.6,83.8,0.004,12.4,0
2022-10-04,10488,13,33,840,11.11,0.00123951182303585,14.1,81.8,0,25.9,0.00123951182303585
2022-10-05,10859.6666666667,0,38,903,11.11,0,16.1,76,0.14,39.7,0
2022-10-06,11231.3333333333,0,38,907,11.11,0,13.8,69.4,0.772,32,0
2022-10-07,11603,29,40,922,11.11,0.00249935361544428,13.2,81.3,0,30.2,0.00249935361544428
2022-10-08,11721.25,0,42.3333333333333,974.333333333333,11.11,0,12.6,78.7,0.9,27.1,0
2022-10-09,11839.5,0,44.6666666666667,1026.66666666667,11.11,0,10.4,79.9,0.463,20.8,0
2022-10-10,11957.75,0,47,1079,11.11,0,10.8,83,0.885,23.8,0
2022-10-11,12076,10,47,1113,11.11,0.000828088771116264,10.2,80.2,0,15.7,0.000828088771116264
2022-10-12,11730.6666666667,0,48,1095,11.11,0,9.8,83.8,0,17.1,0
2022-10-13,11385.3333333333,0,46,1110,11.11,0,12,93.5,7.061,16.3,0
2022-10-14,11040,19,37,1057,11.11,0.00172101449275362,12.3,95.2,3.833,20.4,0.00172101449275362
2022-10-15,11190.25,0,39.6666666666667,1093.33333333333,11.11,0,13.8,89.5,1.58,27.1,0
2022-10-16,11340.5,0,42.3333333333333,1129.66666666667,11.11,0,14.4,79,0.377,27.6,0
2022-10-17,11490.75,0,45,1166,11.11,0,15.4,92.3,3.925,20,0
2022-10-18,11641,27,52,1182,11.11,0.00231938836869685,12.3,88.3,0.394,14.2,0.00231938836869685
2022-10-19,10094.6666666667,0,65,1172,11.11,0,9.8,84.7,0.009,24.5,0
2022-10-20,8548.33333333333,0,63,1113,11.11,0,11.7,91.5,2.263,20.4,0
2022-10-21,7002,23,56,1123,11.11,0.00328477577834904,15,90.4,0.258,19.3,0.00328477577834904
2022-10-22,7905,0,55.6666666666667,1127,11.11,0,14.7,85.8,0.264,26.6,0
2022-10-23,8808,0,55.3333333333333,1131,11.11,0,14.6,88.3,0.191,24,0
2022-10-24,9711,1,55,1135,11.11,0.000102976006590464,15.3,82,4.871,43.2,0.000102976006590464
2022-10-25,10614,14,55,1122,11.11,0.00131901262483512,14.1,88.8,6.444,23.5,0.00131901262483512
2022-10-26,9245.66666666667,0,59,1093,11.11,0,14.7,84.1,0,26.9,0
2022-10-27,7877.33333333333,0,57,1051,11.11,0,16,84.2,0.101,23.2,0
2022-10-28,6509,26,53,987,11.11,0.00399446919649716,16.5,85.3,0,23.2,0.00399446919649716
2022-10-29,6342.75,0,52,998.333333333333,11.11,0,15.4,89.3,0,13.8,0
2022-10-30,6176.5,0,51,1009.66666666667,11.11,0,15,87.5,0,16.9,0
2022-10-31,6010.25,0,50,1021,11.11,0,12.9,90.2,0,20.5,0
2022-11-01,5844,15,46,964,11.11,0.00256673511293634,14.7,73.8,0.775,41,0.00256673511293634
2022-11-02,5250.33333333333,0,45,944,11.11,0,12.4,74.5,6.601,35.2,0
2022-11-03,4656.66666666667,0,36,910,11.11,0,12.4,81.9,0.54,30.3,0
2022-11-04,4063,21,36,850,11.11,0.00516859463450652,9.8,88.9,3.472,17.7,0.00516859463450652
2022-11-05,3959.25,0,37,838.666666666667,11.11,0,9.3,85.3,1.835,29.8,0
2022-11-06,3855.5,0,38,827.333333333333,11.11,0,10.3,92,4.393,31.6,0
2022-11-07,3751.75,0,39,816,11.11,0,12.7,88.1,14.961,35.7,0
2022-11-08,3648,11,33,816,11.11,0.00301535087719298,12.8,81.5,1.87,35.5,0.00301535087719298
2022-11-09,3477.66666666667,0,40,755,11.11,0,12.3,83.7,4.475,36.6,0
2022-11-10,3307.33333333333,0,40,730,11.11,0,12,87.3,2.135,26.9,0
2022-11-11,3137,14,37,692,11.11,0.00446286260758687,10.2,90.4,0,26.8,0.00446286260758687
2022-11-12,3085.75,0,36.6666666666667,685.666666666667,11.11,0,9,90.4,0.004,12.6,0
2022-11-13,3034.5,0,36.3333333333333,679.333333333333,11.11,0,9.2,82.6,0,13.8,0
2022-11-14,2983.25,0,36,673,11.11,0,5.9,88.7,0,18,0
2022-11-15,2932,15,36,678,11.11,0.00511596180081855,10.1,89.7,0.303,27.7,0.00511596180081855
2022-11-16,2853.66666666667,0,34,645,11.11,0,10.5,89.2,6.96,28.3,0
2022-11-17,2775.33333333333,0,35,640,11.11,0,10.3,89.7,12.244,41.5,0
2022-11-18,2697,7,27,619,11.11,0.00259547645532073,8.1,93.9,6.662,24.9,0.00259547645532073
2022-11-19,2699,0,29,623.333333333333,11.11,0,1.4,78.8,0.589,24.6,0
2022-11-20,2701,0,31,627.666666666667,11.11,0,-0.4,92.5,0,17.8,0
2022-11-21,2703,0,33,632,11.11,0,4.8,94.2,8.723,24.2,0
2022-11-22,2705,8,33,624,11.11,0.00295748613678373,6.6,90.3,3.558,27.5,0.00295748613678373
2022-11-23,2619,0,33,588,11.11,0,8.2,91.2,1.003,33.6,0
2022-11-24,2533,0,32,585,11.11,0,9,86.7,1.853,26.8,0
2022-11-25,2447,7,32,581,11.11,0.00286064568859828,8.9,89.9,4.494,23.7,0.00286064568859828
2022-11-26,2510.25,0,32.3333333333333,583,11.11,0,7.3,93.6,0,21.6,0
2022-11-27,2573.5,0,32.6666666666667,585,11.11,0,6.7,91.8,1.12,24.6,0
2022-11-28,2636.75,0,33,587,11.11,0,8.5,98.1,9.841,17.2,0
2022-11-29,2700,2,32,625,11.11,0.000740740740740741,7.1,96.7,0.19,7.6,0.000740740740740741
2022-11-30,2700,0,32,609,11.11,0,6.7,94.7,0.171,11.9,0
